company_id,calendar_year,reporting_currency,fiscal_year_weight,next_fiscal_year_weight,eps,eps_usd,fcf_per_share,fcf_per_share_usd,usd_per_reporting_currency,eps_usd_method,fcf_per_share_usd_method,pe,ev_to_fcf,net_leverage,calculation_quality,tail_imputed,missing_input_count,earnings_basis,valuation_date,forecast_source_date
nvidia,2027,USD,0.084932,0.915068,14.8474,14.8474,12.8633,12.8633,1,reported-usd,reported-usd,15.22,16.55,-0.74,direct,0,0,published-consensus-eps,2026-09-03,2026-09-03
nvidia,2028,USD,0.081967,0.918033,18.917,18.917,17.413,17.413,1,reported-usd,reported-usd,11.94,11.59,-1.02,direct,0,0,published-consensus-eps,2026-09-03,2026-09-03
tsmc,2027,TWD,1,0,141.2,4.4465,81.4231,2.5641,0.031491103763,official-fx,official-fx,16.89,27.43,-0.73,direct,0,0,published-consensus-eps,2026-09-03,2026-09-03
tsmc,2028,TWD,1,0,178.7,5.6275,113.0376,3.5597,0.031491103763,official-fx,official-fx,13.35,19.04,-0.89,direct,0,0,published-consensus-eps,2026-09-03,2026-09-03
broadcom,2027,USD,0.832877,0.167123,17.9292,17.9292,19.8574,19.8574,1,reported-usd,reported-usd,19.13,16.62,-0.49,direct,0,0,published-consensus-eps,2026-09-03,2026-09-03
broadcom,2028,USD,0.827869,0.172131,25.5,25.5,27.6195,27.6195,1,reported-usd,reported-usd,13.45,11.32,-0.86,flat-tail,1,0,published-consensus-eps,2026-09-03,2026-09-03
samsung-electronics,2027,KRW,1,0,69839,51.4548,57957.3162,42.7008,0.000736763316,official-fx,official-fx,3.59,2.78,-0.96,direct,0,0,published-consensus-eps,2026-09-03,2026-09-03
samsung-electronics,2028,KRW,1,0,74497,54.8867,60008.0009,44.2117,0.000736763316,official-fx,official-fx,3.36,1.82,-1.4,direct,0,0,published-consensus-eps,2026-09-03,2026-09-03
micron,2027,USD,0.671233,0.328767,156.2781,156.2781,119.6242,119.6242,1,reported-usd,reported-usd,5.99,6.39,-0.86,direct,0,0,published-consensus-eps,2026-09-03,2026-09-03
micron,2028,USD,0.666667,0.333333,169.3,169.3,134.8069,134.8069,1,reported-usd,reported-usd,5.53,5.13,-1.11,flat-tail,1,0,published-consensus-eps,2026-09-03,2026-09-03
sk-hynix,2027,KRW,1,0,479654,353.3915,392043.7598,288.8435,0.000736763316,official-fx,official-fx,3.36,2.59,-0.98,direct,0,0,published-consensus-eps,2026-09-03,2026-09-03
sk-hynix,2028,KRW,1,0,519029,382.4015,422397.8756,311.2073,0.000736763316,official-fx,official-fx,3.11,1.52,-1.45,direct,0,0,published-consensus-eps,2026-09-03,2026-09-03
amd,2027,USD,0.983562,0.016438,12.9999,12.9999,9.8782,9.8782,1,reported-usd,reported-usd,34.42,43.56,-0.99,direct,0,0,published-consensus-eps,2026-09-03,2026-09-03
amd,2028,USD,0.997268,0.002732,18.98,18.98,17.8631,17.8631,1,reported-usd,reported-usd,23.58,23.11,-1.34,flat-tail,1,0,published-consensus-eps,2026-09-03,2026-09-03
asml,2027,EUR,1,0,51.54,59.8637,43.554,50.588,1.1615,official-fx,official-fx,27.36,31.09,-0.86,direct,0,0,published-consensus-eps,2026-09-03,2026-09-03
asml,2028,EUR,1,0,66.73,77.5069,53.1985,61.7901,1.1615,official-fx,official-fx,21.13,24.91,-1.05,direct,0,0,published-consensus-eps,2026-09-03,2026-09-03
cxmt,2027,CNY,1,0,4.754,0.7075,4.4404,0.6609,0.148830117116,official-fx,official-fx,11.43,10.56,-1.03,direct,0,0,mixed-or-net-income,2026-09-03,2026-09-08
cxmt,2028,CNY,1,0,5.44,0.8096,5.0787,0.7559,0.148830117116,official-fx,official-fx,9.99,,,partial,0,2,mixed-or-net-income,2026-09-03,2026-09-08
intel,2027,USD,0.983562,0.016438,1.5956,1.5956,-0.26,-0.26,1,reported-usd,reported-usd,55.84,,0.75,direct,0,0,published-consensus-eps,2026-09-03,2026-09-03
intel,2028,USD,0.997268,0.002732,2.05,2.05,0.672,0.672,1,reported-usd,reported-usd,43.46,135.69,0.31,flat-tail,1,0,published-consensus-eps,2026-09-03,2026-09-03
lam-research,2027,USD,0.487671,0.512329,10.5557,10.5557,8.5924,8.5924,1,reported-usd,reported-usd,27.31,32.78,-0.55,direct,0,0,published-consensus-eps,2026-09-03,2026-09-03
lam-research,2028,USD,0.483607,0.516393,12.8429,12.8429,10.5684,10.5684,1,reported-usd,reported-usd,22.45,26.26,-0.76,direct,0,0,published-consensus-eps,2026-09-03,2026-09-03
applied-materials,2027,USD,0.832877,0.167123,19.3558,19.3558,14.0859,14.0859,1,reported-usd,reported-usd,22.09,29.54,-0.52,direct,0,0,published-consensus-eps,2026-09-03,2026-09-03
applied-materials,2028,USD,0.827869,0.172131,23.92,23.92,17.6059,17.6059,1,reported-usd,reported-usd,17.88,23.27,-0.67,flat-tail,1,0,published-consensus-eps,2026-09-03,2026-09-03
arm,2027,USD,0.246575,0.753425,1.6706,1.6706,2.3819,2.3819,1,reported-usd,reported-usd,138.14,94.51,-1.65,direct,0,0,published-consensus-eps,2026-09-03,2026-09-03
arm,2028,USD,0.248634,0.751366,2.4649,2.4649,3.466,3.466,1,reported-usd,reported-usd,93.62,64.14,-1.85,direct,0,0,published-consensus-eps,2026-09-03,2026-09-03
texas-instruments,2027,USD,1,0,10.1,10.1,10.7276,10.7276,1,reported-usd,reported-usd,25.23,24.26,0.36,direct,0,0,published-consensus-eps,2026-09-03,2026-09-03
texas-instruments,2028,USD,1,0,11.6,11.6,12.9352,12.9352,1,reported-usd,reported-usd,21.97,20.05,0.28,direct,0,0,published-consensus-eps,2026-09-03,2026-09-03
kla,2027,USD,0.49589,0.50411,6.0579,6.0579,5.1709,5.1709,1,reported-usd,reported-usd,28.24,33.33,0.17,direct,0,0,published-consensus-eps,2026-09-03,2026-09-03
kla,2028,USD,0.497268,0.502732,7.3776,7.3776,5.9671,5.9671,1,reported-usd,reported-usd,23.19,28.7,0.02,direct,0,0,published-consensus-eps,2026-09-03,2026-09-03
sandisk,2027,USD,0.50137,0.49863,244.7775,244.7775,230.1681,230.1681,1,reported-usd,reported-usd,6.35,5.2,-1.23,direct,0,0,mixed-or-net-income,2026-09-03,2026-09-03
sandisk,2028,USD,0.497268,0.502732,276.5284,276.5284,251.0172,251.0172,1,reported-usd,reported-usd,5.62,4.05,-1.83,direct,0,0,mixed-or-net-income,2026-09-03,2026-09-03
mediatek,2027,TWD,1,0,144.5,4.5505,105.7959,3.3316,0.031491103763,official-fx,official-fx,29.58,38.75,-0.98,direct,0,0,published-consensus-eps,2026-09-03,2026-09-03
mediatek,2028,TWD,1,0,277.4,8.7356,196.9004,6.2006,0.031491103763,official-fx,official-fx,15.41,20.27,-0.88,direct,0,0,published-consensus-eps,2026-09-03,2026-09-03
marvell,2027,USD,0.082192,0.917808,4.3208,4.3208,5.4827,5.4827,1,reported-usd,reported-usd,47.89,36.81,-0.65,direct,0,0,published-consensus-eps,2026-09-03,2026-09-03
marvell,2028,USD,0.079235,0.920765,7.7035,7.7035,7.9715,7.9715,1,reported-usd,reported-usd,26.86,24.61,-0.93,direct,0,0,published-consensus-eps,2026-09-03,2026-09-03
qualcomm,2027,USD,0.736986,0.263014,7.8937,7.8937,10.2761,10.2761,1,reported-usd,reported-usd,21.06,16.88,0.51,direct,0,0,published-consensus-eps,2026-09-03,2026-09-03
qualcomm,2028,USD,0.73224,0.26776,10.37,10.37,11.4263,11.4263,1,reported-usd,reported-usd,16.03,15.16,0.43,flat-tail,1,0,published-consensus-eps,2026-09-03,2026-09-03
analog-devices,2027,USD,0.830137,0.169863,13.8875,13.8875,14.9808,14.9808,1,reported-usd,reported-usd,25.61,24.26,0.35,direct,0,0,published-consensus-eps,2026-09-03,2026-09-03
analog-devices,2028,USD,0.825137,0.174863,15.39,15.39,16.0515,16.0515,1,reported-usd,reported-usd,23.11,22.49,0.22,flat-tail,1,0,published-consensus-eps,2026-09-03,2026-09-03
kioxia,2027,JPY,0.246575,0.753425,13341.4795,85.5148,11894.2937,76.2387,0.006409690414,official-fx,official-fx,3.82,3.33,-0.6,direct,0,0,mixed-or-net-income,2026-09-03,2026-09-03
kioxia,2028,JPY,0.248634,0.751366,15896.6639,101.8927,14837.3483,95.1028,0.006409690414,official-fx,official-fx,3.21,1.99,-0.98,direct,0,0,mixed-or-net-income,2026-09-03,2026-09-03
tokyo-electron,2027,JPY,0.246575,0.753425,2170.137,13.9099,1317.1212,8.4423,0.006409690414,official-fx,official-fx,24.56,39.87,-0.26,direct,0,0,published-consensus-eps,2026-09-03,2026-09-03
tokyo-electron,2028,JPY,0.248634,0.751366,2701.9372,17.3186,2056.6958,13.1828,0.006409690414,official-fx,official-fx,19.73,25.39,-0.3,direct,0,0,published-consensus-eps,2026-09-03,2026-09-03
advantest,2027,JPY,0.246575,0.753425,1084.9151,6.954,906.6426,5.8113,0.006409690414,official-fx,official-fx,29.75,34.44,-0.72,direct,0,0,published-consensus-eps,2026-09-03,2026-09-03
advantest,2028,JPY,0.248634,0.751366,1251.2022,8.0198,1239.6522,7.9458,0.006409690414,official-fx,official-fx,25.8,24.76,-0.95,direct,0,0,published-consensus-eps,2026-09-03,2026-09-03
sony,2027,JPY,0.246575,0.753425,227.1712,1.4561,194.7837,1.2485,0.006409690414,official-fx,official-fx,17.15,17.91,-0.91,direct,0,0,published-consensus-eps,2026-09-03,2026-09-03
sony,2028,JPY,0.248634,0.751366,238.8402,1.5309,201.4313,1.2911,0.006409690414,official-fx,official-fx,16.31,16.6,-1.22,direct,0,0,published-consensus-eps,2026-09-03,2026-09-03
cambricon,2027,CNY,1,0,18.19,2.7072,-14.7615,-2.197,0.148830117116,official-fx,official-fx,60.97,,-0.85,direct,0,0,published-consensus-eps,2026-09-03,2026-09-03
cambricon,2028,CNY,1,0,30.4,4.5244,,,0.148830117116,official-fx,,36.48,,-0.93,partial,0,1,published-consensus-eps,2026-09-03,2026-09-03
ase,2027,TWD,1,0,27.81,0.8758,-18.6496,-0.5873,0.031491103763,official-fx,official-fx,21.18,,1.44,direct,0,0,published-consensus-eps,2026-09-03,2026-09-03
ase,2028,TWD,1,0,36.06,1.1356,-3.9869,-0.1256,0.031491103763,official-fx,official-fx,16.33,,1.26,direct,0,0,published-consensus-eps,2026-09-03,2026-09-03
hygon,2027,CNY,1,0,3.058,0.4551,5.1948,0.7731,0.148830117116,official-fx,official-fx,80.84,47.12,-0.56,direct,0,0,published-consensus-eps,2026-09-03,2026-09-03
hygon,2028,CNY,1,0,4.651,0.6922,6.7028,0.9976,0.148830117116,official-fx,official-fx,53.15,36.3,-0.64,direct,0,0,published-consensus-eps,2026-09-03,2026-09-03
infineon,2027,EUR,0.747945,0.252055,2.6351,3.0607,1.5333,1.781,1.1615,official-fx,official-fx,20.83,37.43,0.47,direct,0,0,published-consensus-eps,2026-09-03,2026-09-03
infineon,2028,EUR,0.748634,0.251366,3.306,3.8399,2.2221,2.581,1.1615,official-fx,official-fx,16.6,25.45,0.27,flat-tail,1,0,published-consensus-eps,2026-09-03,2026-09-03
cadence,2027,USD,1,0,5.886,5.886,8.3771,8.3771,1,reported-usd,reported-usd,52.1,36.28,-0.22,direct,0,0,published-consensus-eps,2026-09-03,2026-09-03
cadence,2028,USD,1,0,7.024,7.024,9.7134,9.7134,1,reported-usd,reported-usd,43.66,30.84,-0.49,direct,0,0,published-consensus-eps,2026-09-03,2026-09-03
synopsys,2027,USD,0.832877,0.167123,7.7599,7.7599,15.7029,15.7029,1,reported-usd,reported-usd,53.57,27.94,0.97,direct,0,0,published-consensus-eps,2026-09-03,2026-09-03
synopsys,2028,USD,0.833333,0.166667,10.62,10.62,16.5939,16.5939,1,reported-usd,reported-usd,39.14,25.71,0.43,flat-tail,1,0,published-consensus-eps,2026-09-03,2026-09-03
lumentum,2027,USD,0.50411,0.49589,26.6548,26.6548,20.2826,20.2826,1,reported-usd,reported-usd,32.66,41.38,-0.79,direct,0,0,published-consensus-eps,2026-09-03,2026-09-03
lumentum,2028,USD,0.5,0.5,41.08,41.08,38.2107,38.2107,1,reported-usd,reported-usd,21.19,21.09,-1.09,direct,0,0,published-consensus-eps,2026-09-03,2026-09-03
smic,2027,USD,1,0,0.2135,0.2135,-0.0232,-0.0232,1,reported-usd,reported-usd,40.22,,1.01,direct,0,0,published-consensus-eps,2026-09-03,2026-09-03
smic,2028,USD,1,0,0.2676,0.2676,0.0223,0.0223,1,reported-usd,reported-usd,32.09,430.45,0.97,direct,0,0,published-consensus-eps,2026-09-03,2026-09-03
naura,2027,CNY,1,0,15.67,2.3322,4.6521,0.6924,0.148830117116,official-fx,official-fx,42.61,141.31,-0.54,direct,0,0,published-consensus-eps,2026-09-03,2026-09-03
naura,2028,CNY,1,0,20.73,3.0852,17.9843,2.6766,0.148830117116,official-fx,official-fx,32.21,36.17,-0.64,direct,0,0,published-consensus-eps,2026-09-03,2026-09-03
samsung-electro-mechanics,2027,KRW,1,0,41946,30.9043,16145.0488,11.8951,0.000736763316,official-fx,official-fx,33.38,86.9,0.04,direct,0,0,published-consensus-eps,2026-09-03,2026-09-03
samsung-electro-mechanics,2028,KRW,1,0,64505,47.5249,39964.0886,29.4441,0.000736763316,official-fx,official-fx,21.7,34.72,-0.12,direct,0,0,published-consensus-eps,2026-09-03,2026-09-03
shin-etsu,2027,JPY,0.246575,0.753425,333.5904,2.1382,240.3432,1.5405,0.006409690414,official-fx,official-fx,17.56,21.49,-1.2,direct,0,0,published-consensus-eps,2026-09-03,2026-09-03
shin-etsu,2028,JPY,0.248634,0.751366,375.2574,2.4053,248.671,1.5939,0.006409690414,official-fx,official-fx,15.61,20.74,-1.1,direct,0,0,published-consensus-eps,2026-09-03,2026-09-03
monolithic-power,2027,USD,1,0,30.12,30.12,32.7819,32.7819,1,reported-usd,reported-usd,40.48,35.11,-1.65,direct,0,0,published-consensus-eps,2026-09-03,2026-09-03
monolithic-power,2028,USD,1,0,36.23,36.23,42.3865,42.3865,1,reported-usd,reported-usd,33.66,26.35,-2.03,direct,0,0,published-consensus-eps,2026-09-03,2026-09-03
nxp,2027,USD,1,0,15.63,15.63,16.4615,16.4615,1,reported-usd,reported-usd,14.68,14.85,0.59,direct,0,0,published-consensus-eps,2026-09-03,2026-09-03
nxp,2028,USD,1,0,18.18,18.18,19.4278,19.4278,1,reported-usd,reported-usd,12.62,12.14,0.22,direct,0,0,published-consensus-eps,2026-09-03,2026-09-03
teradyne,2027,USD,1,0,11.74,11.74,9.1467,9.1467,1,reported-usd,reported-usd,29.1,36.27,-0.67,direct,0,0,published-consensus-eps,2026-09-03,2026-09-03
teradyne,2028,USD,1,0,15.58,15.58,13.2403,13.2403,1,reported-usd,reported-usd,21.93,24.52,-0.96,direct,0,0,published-consensus-eps,2026-09-03,2026-09-03
coherent,2027,USD,0.49589,0.50411,9.8306,9.8306,3.3612,3.3612,1,reported-usd,reported-usd,26.39,78.59,0.27,direct,0,0,published-consensus-eps,2026-09-03,2026-09-08
coherent,2028,USD,0.497268,0.502732,14.6986,14.6986,10.2382,10.2382,1,reported-usd,reported-usd,17.65,24.84,-0.2,direct,0,0,published-consensus-eps,2026-09-03,2026-09-08
nanya-technology,2027,TWD,1,0,96.94,3.0527,33.009,1.0395,0.031491103763,official-fx,official-fx,4.93,11.35,-0.8,direct,0,0,published-consensus-eps,2026-09-03,2026-09-03
nanya-technology,2028,TWD,1,0,109.1,3.4357,51.8128,1.6316,0.031491103763,official-fx,official-fx,4.38,6.17,-1.11,direct,0,0,published-consensus-eps,2026-09-03,2026-09-03
amec,2027,CNY,1,0,5.712,0.8501,3.226,0.4801,0.148830117116,official-fx,official-fx,61.37,105.64,-1.64,direct,0,0,published-consensus-eps,2026-09-03,2026-09-03
amec,2028,CNY,1,0,8.351,1.2429,5.6586,0.8422,0.148830117116,official-fx,official-fx,41.97,59.63,-1.58,direct,0,0,published-consensus-eps,2026-09-03,2026-09-03
hoya,2027,JPY,0.246575,0.753425,893.2972,5.7258,766.5134,4.9131,0.006409690414,official-fx,official-fx,27.38,30.14,-1.03,direct,0,0,published-consensus-eps,2026-09-03,2026-09-03
hoya,2028,JPY,0.248634,0.751366,1008.8117,6.4662,846.3872,5.4251,0.006409690414,official-fx,official-fx,24.25,27.32,-0.89,direct,0,0,published-consensus-eps,2026-09-03,2026-09-03
astera-labs,2027,USD,1,0,4.738,4.738,5.7521,5.7521,1,reported-usd,reported-usd,58.24,44.84,-2.39,direct,0,0,published-consensus-eps,2026-09-03,2026-09-03
astera-labs,2028,USD,1,0,6.357,6.357,7.3839,7.3839,1,reported-usd,reported-usd,43.4,33.46,-2.83,direct,0,0,published-consensus-eps,2026-09-03,2026-09-03
umc,2027,TWD,1,0,6.97,0.2195,6.3991,0.2015,0.031491103763,official-fx,official-fx,19.01,19.46,-0.61,direct,0,0,published-consensus-eps,2026-09-03,2026-09-03
umc,2028,TWD,1,0,7.969,0.251,8.464,0.2665,0.031491103763,official-fx,official-fx,16.63,14.42,-0.69,direct,0,0,published-consensus-eps,2026-09-03,2026-09-03
unimicron,2027,TWD,1,0,36.25,1.1416,22.1705,0.6982,0.031491103763,official-fx,official-fx,26.84,41.6,-0.88,direct,0,0,published-consensus-eps,2026-09-03,2026-09-03
unimicron,2028,TWD,1,0,57.23,1.8022,20.513,0.646,0.031491103763,official-fx,official-fx,17,43.27,-0.97,direct,0,0,published-consensus-eps,2026-09-03,2026-09-03
asm-international,2027,EUR,1,0,31.15,36.1807,26.4383,30.7081,1.1615,official-fx,official-fx,24.75,27.39,-1.09,direct,0,0,published-consensus-eps,2026-09-03,2026-09-03
asm-international,2028,EUR,1,0,37.19,43.1962,30.9706,35.9723,1.1615,official-fx,official-fx,20.73,22.69,-1.36,direct,0,0,published-consensus-eps,2026-09-03,2026-09-03
stmicroelectronics,2027,USD,1,0,2.581,2.581,2.5703,2.5703,1,reported-usd,reported-usd,19.55,18.17,-0.72,direct,0,0,published-consensus-eps,2026-09-03,2026-09-03
stmicroelectronics,2028,USD,1,0,3.731,3.731,3.9962,3.9962,1,reported-usd,reported-usd,13.53,11.04,-1,direct,0,0,published-consensus-eps,2026-09-03,2026-09-03
credo,2027,USD,0.331507,0.668493,6.4572,6.4572,7.6287,7.6287,1,reported-usd,reported-usd,25.79,20.01,-1.4,direct,0,0,published-consensus-eps,2026-09-03,2026-09-03
credo,2028,USD,0.327869,0.672131,9.0707,9.0707,10.7394,10.7394,1,reported-usd,reported-usd,18.36,13.23,-1.78,direct,0,0,published-consensus-eps,2026-09-03,2026-09-03
cerebras,2027,USD,1,0,1.097,1.097,-7.779,-7.779,1,reported-usd,reported-usd,191.48,,-2.16,direct,0,0,published-consensus-eps,2026-09-04,2026-09-08
cerebras,2028,USD,1,0,7.971,7.971,12.9986,12.9986,1,reported-usd,reported-usd,26.35,14.5,-1.41,direct,0,0,published-consensus-eps,2026-09-04,2026-09-08
gigadevice,2027,CNY,1,0,17.95,2.6715,7.9545,1.1839,0.148830117116,official-fx,official-fx,21.66,42.01,-3.57,direct,0,0,published-consensus-eps,2026-09-03,2026-09-03
gigadevice,2028,CNY,1,0,16.95,2.5227,10.927,1.6263,0.148830117116,official-fx,official-fx,22.94,28.4,-4.56,direct,0,0,published-consensus-eps,2026-09-03,2026-09-03
metax,2027,CNY,1,0,2.034,0.3027,0.0027,0.0004,0.148830117116,official-fx,official-fx,330.74,246282.64,-8.15,direct,0,0,mixed-or-net-income,2026-09-03,2026-09-03
metax,2028,CNY,1,0,4.371,0.6505,4.6713,0.6952,0.148830117116,official-fx,official-fx,153.91,140.7,-5.12,direct,0,0,mixed-or-net-income,2026-09-03,2026-09-03
microchip,2027,USD,0.246575,0.753425,2.9221,2.9221,4.0004,4.0004,1,reported-usd,reported-usd,24.44,19.48,1.12,direct,0,0,published-consensus-eps,2026-09-03,2026-09-03
microchip,2028,USD,0.248634,0.751366,3.737,3.737,4.3732,4.3732,1,reported-usd,reported-usd,19.11,17.22,0.62,direct,0,0,published-consensus-eps,2026-09-03,2026-09-03
