company_id,fiscal_year,fiscal_period,reporting_currency,net_income,income_scale,ebitda,fcf,fcf_scale,net_debt,net_debt_scale,diluted_shares_thousands,source_eps,share_source_method,source_url,source_retrieved_at
nvidia,2024,January,USD,29760,Million,34480,27021,Million,-16275,Million,24700000,1.193,published diluted share count,https://www.marketscreener.com/quote/stock/NVIDIA-CORPORATION-57355629/finances/,2026-09-03
nvidia,2025,January,USD,72880,Million,83317,60853,Million,-43210,Million,24490000,2.94,published diluted share count,https://www.marketscreener.com/quote/stock/NVIDIA-CORPORATION-57355629/finances/,2026-09-03
nvidia,2026,January,USD,120067,Million,140143,96676,Million,-54088,Million,24299000,4.9,published diluted share count,https://www.marketscreener.com/quote/stock/NVIDIA-CORPORATION-57355629/finances/,2026-09-03
nvidia,2027,January,USD,242368,Million,271631,195362,Million,-151973,Million,24147000,9.971,published diluted share count,https://www.marketscreener.com/quote/stock/NVIDIA-CORPORATION-57355629/finances/,2026-09-03
nvidia,2028,January,USD,370924,Million,438733,321306,Million,-329603,Million,24147000,15.3,published diluted share count,https://www.marketscreener.com/quote/stock/NVIDIA-CORPORATION-57355629/finances/,2026-09-03
nvidia,2029,January,USD,460436,Million,581560,429325,Million,-604454,Million,24147000,19.24,published diluted share count,https://www.marketscreener.com/quote/stock/NVIDIA-CORPORATION-57355629/finances/,2026-09-03
tsmc,2024,December,TWD,1173268,Million,1984849,870170,Million,-1435557,Million,25932733,45.25,published diluted share count,https://www.marketscreener.com/quote/stock/TSMC-TAIWAN-SEMICONDUCTOR-6492349/finances/,2026-09-03
tsmc,2025,December,TWD,1717883,Million,2624188,1002565,Million,-2075440,Million,25932524,66.25,published diluted share count,https://www.marketscreener.com/quote/stock/TSMC-TAIWAN-SEMICONDUCTOR-6492349/finances/,2026-09-03
tsmc,2026,December,TWD,2768850,Million,4010559,1425643,Million,-2659548,Million,25932370,107.4,published diluted share count,https://www.marketscreener.com/quote/stock/TSMC-TAIWAN-SEMICONDUCTOR-6492349/finances/,2026-09-03
tsmc,2027,December,TWD,3638327,Million,5358864,2111495,Million,-3937444,Million,25932370,141.2,published diluted share count,https://www.marketscreener.com/quote/stock/TSMC-TAIWAN-SEMICONDUCTOR-6492349/finances/,2026-09-03
tsmc,2028,December,TWD,4563794,Million,6803504,2931334,Million,-6029677,Million,25932370,178.7,published diluted share count,https://www.marketscreener.com/quote/stock/TSMC-TAIWAN-SEMICONDUCTOR-6492349/finances/,2026-09-03
broadcom,2024,November,USD,5895,Million,31897,19414,Million,58218,Million,4670576,1.23,published diluted share count,https://www.marketscreener.com/quote/stock/BROADCOM-INC-42668543/finances/,2026-09-03
broadcom,2025,November,USD,23126,Million,43004,26914,Million,48958,Million,4722365,4.77,published diluted share count,https://www.marketscreener.com/quote/stock/BROADCOM-INC-42668543/finances/,2026-09-03
broadcom,2026,November,USD,45537,Million,71811,49047,Million,25740,Million,4757580,9.222,published diluted share count,https://www.marketscreener.com/quote/stock/BROADCOM-INC-42668543/finances/,2026-09-03
broadcom,2027,November,USD,79473,Million,117148,87063,Million,-45412,Million,4757580,16.41,published diluted share count,https://www.marketscreener.com/quote/stock/BROADCOM-INC-42668543/finances/,2026-09-03
broadcom,2028,November,USD,119343,Million,167760,131402,Million,-144784,Million,4757580,25.5,published diluted share count,https://www.marketscreener.com/quote/stock/BROADCOM-INC-42668543/finances/,2026-09-03
samsung-electronics,2024,December,KRW,33621,Billion,72350,21570000,Million,-93322,Billion,6792669,4950,published diluted share count,https://www.marketscreener.com/quote/stock/SAMSUNG-ELECTRONICS-CO-LT-6494906/finances/,2026-09-03
samsung-electronics,2025,December,KRW,44261,Billion,87210,37800000,Million,-100610,Billion,6624139,6605,published diluted share count,https://www.marketscreener.com/quote/stock/SAMSUNG-ELECTRONICS-CO-LT-6494906/finances/,2026-09-03
samsung-electronics,2026,December,KRW,313155,Billion,438832,239147488,Million,-293023,Billion,6567647,48642,published diluted share count,https://www.marketscreener.com/quote/stock/SAMSUNG-ELECTRONICS-CO-LT-6494906/finances/,2026-09-03
samsung-electronics,2027,December,KRW,446653,Billion,608907,380643194,Million,-586576,Billion,6567647,69839,published diluted share count,https://www.marketscreener.com/quote/stock/SAMSUNG-ELECTRONICS-CO-LT-6494906/finances/,2026-09-03
samsung-electronics,2028,December,KRW,477994,Billion,661406,394111367,Million,-927462,Billion,6567647,74497,published diluted share count,https://www.marketscreener.com/quote/stock/SAMSUNG-ELECTRONICS-CO-LT-6494906/finances/,2026-09-03
micron,2024,August,USD,778,Million,9084,121,Million,5291,Million,1108841,0.7,published diluted share count,https://www.marketscreener.com/quote/stock/MICRON-TECHNOLOGY-INC-13639/finances/,2026-09-03
micron,2025,August,USD,8539,Million,18122,1668,Million,4270,Million,1119125,7.59,published diluted share count,https://www.marketscreener.com/quote/stock/MICRON-TECHNOLOGY-INC-13639/finances/,2026-09-03
micron,2026,August,USD,82690,Million,107399,49477,Million,-43073,Million,1129393,72.67,published diluted share count,https://www.marketscreener.com/quote/stock/MICRON-TECHNOLOGY-INC-13639/finances/,2026-09-03
micron,2027,August,USD,164306,Million,213506,126704,Million,-154073,Million,1129393,149.9,published diluted share count,https://www.marketscreener.com/quote/stock/MICRON-TECHNOLOGY-INC-13639/finances/,2026-09-03
micron,2028,August,USD,190778,Million,248986,152250,Million,-277054,Million,1129393,169.3,published diluted share count,https://www.marketscreener.com/quote/stock/MICRON-TECHNOLOGY-INC-13639/finances/,2026-09-03
sk-hynix,2024,December,KRW,19797,Billion,36013,14021000,Million,8528,Billion,689039,28322,published diluted share count,https://www.marketscreener.com/quote/stock/SK-HYNIX-INC-6494929/finances/,2026-09-03
sk-hynix,2025,December,KRW,42919,Billion,61095,26070000,Million,-7418,Billion,690455,60372,published diluted share count,https://www.marketscreener.com/quote/stock/SK-HYNIX-INC-6494929/finances/,2026-09-03
sk-hynix,2026,December,KRW,255309,Billion,289984,185370827,Million,-180635,Billion,728866,349657,published diluted share count,https://www.marketscreener.com/quote/stock/SK-HYNIX-INC-6494929/finances/,2026-09-03
sk-hynix,2027,December,KRW,337149,Billion,442638,285747367,Million,-434911,Billion,728866,479654,published diluted share count,https://www.marketscreener.com/quote/stock/SK-HYNIX-INC-6494929/finances/,2026-09-03
sk-hynix,2028,December,KRW,374460,Billion,487816,307871450,Million,-708544,Billion,728866,519029,published diluted share count,https://www.marketscreener.com/quote/stock/SK-HYNIX-INC-6494929/finances/,2026-09-03
amd,2024,December,USD,1641,Million,4964,2405,Million,-3411,Million,1622807,1,published diluted share count,https://www.marketscreener.com/quote/stock/AMD-ADVANCED-MICRO-DEVICE-19475876/finances/,2026-09-03
amd,2025,December,USD,4335,Million,6698,5519,Million,-7330,Million,1628042,2.65,published diluted share count,https://www.marketscreener.com/quote/stock/AMD-ADVANCED-MICRO-DEVICE-19475876/finances/,2026-09-03
amd,2026,December,USD,9378,Million,13517,7456,Million,-12481,Million,1632475,5.729,published diluted share count,https://www.marketscreener.com/quote/stock/AMD-ADVANCED-MICRO-DEVICE-19475876/finances/,2026-09-03
amd,2027,December,USD,21346,Million,28241,15908,Million,-27616,Million,1632475,12.9,published diluted share count,https://www.marketscreener.com/quote/stock/AMD-ADVANCED-MICRO-DEVICE-19475876/finances/,2026-09-03
amd,2028,December,USD,32577,Million,42158,29161,Million,-56658,Million,1632475,18.98,published diluted share count,https://www.marketscreener.com/quote/stock/AMD-ADVANCED-MICRO-DEVICE-19475876/finances/,2026-09-03
asml,2024,December,EUR,7572,Million,9941,9099,Million,-9064,Million,393028,19.24,published diluted share count,https://www.marketscreener.com/quote/stock/ASML-HOLDING-N-V-12002973/finances/,2026-09-03
asml,2025,December,EUR,9393,Million,12327,11085,Million,-10613,Million,386196,24.71,published diluted share count,https://www.marketscreener.com/quote/stock/ASML-HOLDING-N-V-12002973/finances/,2026-09-03
asml,2026,December,EUR,14722,Million,18823,9240,Million,-13952,Million,384052,37.88,published diluted share count,https://www.marketscreener.com/quote/stock/ASML-HOLDING-N-V-12002973/finances/,2026-09-03
asml,2027,December,EUR,19425,Million,24898,16727,Million,-21525,Million,384052,51.54,published diluted share count,https://www.marketscreener.com/quote/stock/ASML-HOLDING-N-V-12002973/finances/,2026-09-03
asml,2028,December,EUR,24197,Million,31147,20431,Million,-32704,Million,384052,66.73,published diluted share count,https://www.marketscreener.com/quote/stock/ASML-HOLDING-N-V-12002973/finances/,2026-09-03
cxmt,2025,December,CNY,1875,Million,,,Million,,Million,,0.03,published diluted share count,https://www.marketscreener.com/quote/stock/CXMT-CORPORATION-213965109/finances/,2026-09-03
cxmt,2026,December,CNY,199108,Million,333935,243292,Million,-179491,Million,60192797,3.068,published diluted share count,https://www.marketscreener.com/quote/stock/CXMT-CORPORATION-213965109/finances/,2026-09-03
cxmt,2027,December,CNY,300635,Million,488495,301434,Million,-503351,Million,60192797,4.754,published diluted share count,https://www.marketscreener.com/quote/stock/CXMT-CORPORATION-213965109/finances/,2026-09-03
intel,2024,December,USD,-18756,Million,11125,-15656,Million,27949,Million,4313000,-4.38,published diluted share count,https://www.marketscreener.com/quote/stock/INTEL-CORPORATION-4829/finances/,2026-09-03
intel,2025,December,USD,-267,Million,14622,-4949,Million,9169,Million,4770000,-0.06,published diluted share count,https://www.marketscreener.com/quote/stock/INTEL-CORPORATION-4829/finances/,2026-09-03
intel,2026,December,USD,-11805,Million,22638,-1299,Million,22630,Million,5254526,-2.308,published diluted share count,https://www.marketscreener.com/quote/stock/INTEL-CORPORATION-4829/finances/,2026-09-10
intel,2027,December,USD,8051,Million,28296,-1264,Million,21573,Million,5254526,1.589,published diluted share count,https://www.marketscreener.com/quote/stock/INTEL-CORPORATION-4829/finances/,2026-09-10
intel,2028,December,USD,13202,Million,34814,4104,Million,10942,Million,5254526,2.033,published diluted share count,https://www.marketscreener.com/quote/stock/INTEL-CORPORATION-4829/finances/,2026-09-10
lam-research,2024,June,USD,3828,Million,4872,4256,Million,-865,Million,1307410,2.9,published diluted share count,https://www.marketscreener.com/quote/stock/LAM-RESEARCH-CORPORATION-4877/finances/,2026-09-03
lam-research,2025,June,USD,5358,Million,6343,5414,Million,-1906,Million,1279118,4.15,published diluted share count,https://www.marketscreener.com/quote/stock/LAM-RESEARCH-CORPORATION-4877/finances/,2026-09-03
lam-research,2026,June,USD,7265,Million,8762,4891,Million,-1845,Million,1250571,5.76,published diluted share count,https://www.marketscreener.com/quote/stock/LAM-RESEARCH-CORPORATION-4877/finances/,2026-09-03
lam-research,2027,June,USD,11779,Million,14040,9179,Million,-6017,Million,1251321,9.406,published diluted share count,https://www.marketscreener.com/quote/stock/LAM-RESEARCH-CORPORATION-4877/finances/,2026-09-03
lam-research,2028,June,USD,14566,Million,16509,12249,Million,-10609,Million,1251321,11.65,published diluted share count,https://www.marketscreener.com/quote/stock/LAM-RESEARCH-CORPORATION-4877/finances/,2026-09-03
lam-research,2029,June,USD,17350,Million,18805,14138,Million,-16169,Million,1251321,13.96,published diluted share count,https://www.marketscreener.com/quote/stock/LAM-RESEARCH-CORPORATION-4877/finances/,2026-09-03
applied-materials,2024,October,USD,7177,Million,8316,7487,Million,-3212,Million,824404,8.61,published diluted share count,https://www.marketscreener.com/quote/stock/APPLIED-MATERIALS-INC-4850/finances/,2026-09-03
applied-materials,2025,October,USD,6998,Million,8997,5698,Million,-2018,Million,796642,8.66,published diluted share count,https://www.marketscreener.com/quote/stock/APPLIED-MATERIALS-INC-4850/finances/,2026-09-03
applied-materials,2026,October,USD,10537,Million,11854,5642,Million,-2215,Million,793597,13.19,published diluted share count,https://www.marketscreener.com/quote/stock/APPLIED-MATERIALS-INC-4850/finances/,2026-09-03
applied-materials,2027,October,USD,14616,Million,16981,10618,Million,-8148,Million,793597,18.44,published diluted share count,https://www.marketscreener.com/quote/stock/APPLIED-MATERIALS-INC-4850/finances/,2026-09-03
applied-materials,2028,October,USD,18519,Million,21211,13972,Million,-14265,Million,793597,23.92,published diluted share count,https://www.marketscreener.com/quote/stock/APPLIED-MATERIALS-INC-4850/finances/,2026-09-03
arm,2024,March,USD,306,Million,1570,907,Million,-2923,Million,1028075,0.29,published diluted share count,https://www.marketscreener.com/quote/stock/ARM-HOLDINGS-PLC-159091235/finances/,2026-09-03
arm,2025,March,USD,792,Million,2054,99,Million,-2825,Million,1054000,0.75,published diluted share count,https://www.marketscreener.com/quote/stock/ARM-HOLDINGS-PLC-159091235/finances/,2026-09-03
arm,2026,March,USD,904,Million,2364,882,Million,-3601,Million,1062000,0.85,published diluted share count,https://www.marketscreener.com/quote/stock/ARM-HOLDINGS-PLC-159091235/finances/,2026-09-03
arm,2027,March,USD,1346,Million,2967,1860,Million,-4440,Million,1068079,1.257,published diluted share count,https://www.marketscreener.com/quote/stock/ARM-HOLDINGS-PLC-159091235/finances/,2026-09-03
arm,2028,March,USD,1950,Million,3906,2768,Million,-6590,Million,1068079,1.806,published diluted share count,https://www.marketscreener.com/quote/stock/ARM-HOLDINGS-PLC-159091235/finances/,2026-09-03
arm,2029,March,USD,2955,Million,5217,4011,Million,-9874,Million,1068079,2.683,published diluted share count,https://www.marketscreener.com/quote/stock/ARM-HOLDINGS-PLC-159091235/finances/,2026-09-03
texas-instruments,2024,December,USD,4799,Million,6973,1498,Million,6016,Million,912217,5.2,published diluted share count,https://www.marketscreener.com/quote/stock/TEXAS-INSTRUMENTS-INCORPO-9730651/finances/,2026-09-03
texas-instruments,2025,December,USD,5001,Million,8022,2603,Million,9167,Million,908623,5.45,published diluted share count,https://www.marketscreener.com/quote/stock/TEXAS-INSTRUMENTS-INCORPO-9730651/finances/,2026-09-03
texas-instruments,2026,December,USD,7813,Million,11833,8245,Million,5828,Million,913248,8.506,published diluted share count,https://www.marketscreener.com/quote/stock/TEXAS-INSTRUMENTS-INCORPO-9730651/finances/,2026-09-03
texas-instruments,2027,December,USD,9206,Million,13814,9797,Million,4983,Million,913248,10.1,published diluted share count,https://www.marketscreener.com/quote/stock/TEXAS-INSTRUMENTS-INCORPO-9730651/finances/,2026-09-03
texas-instruments,2028,December,USD,10412,Million,15051,11813,Million,4164,Million,913248,11.6,published diluted share count,https://www.marketscreener.com/quote/stock/TEXAS-INSTRUMENTS-INCORPO-9730651/finances/,2026-09-03
kla,2024,June,USD,2762,Million,4298,3031,Million,1376,Million,1346400,2.028,published diluted share count,https://www.marketscreener.com/quote/stock/KLA-CORPORATION-40328827/finances/,2026-09-03
kla,2025,June,USD,4062,Million,5635,3747,Million,1390,Million,1322414,3.037,published diluted share count,https://www.marketscreener.com/quote/stock/KLA-CORPORATION-40328827/finances/,2026-09-03
kla,2026,June,USD,4831,Million,6233,3767,Million,985,Million,1306275,3.66,published diluted share count,https://www.marketscreener.com/quote/stock/KLA-CORPORATION-40328827/finances/,2026-09-03
kla,2027,June,USD,7016,Million,8728,6505,Million,2635,Million,1306547,5.395,published diluted share count,https://www.marketscreener.com/quote/stock/KLA-CORPORATION-40328827/finances/,2026-09-03
kla,2028,June,USD,8540,Million,10459,7003,Million,663,Million,1306547,6.71,published diluted share count,https://www.marketscreener.com/quote/stock/KLA-CORPORATION-40328827/finances/,2026-09-03
kla,2029,June,USD,10130,Million,11929,8581,Million,-165,Million,1306547,8.038,published diluted share count,https://www.marketscreener.com/quote/stock/KLA-CORPORATION-40328827/finances/,2026-09-03
sandisk,2024,July,USD,-672,Million,,,Million,,Million,,-4.667,published diluted share count,https://www.marketscreener.com/quote/stock/SANDISK-CORPORATION-182801077/finances/,2026-09-03
sandisk,2025,July,USD,-1641,Million,852,-120,Million,368,Million,145299,-11.32,published diluted share count,https://www.marketscreener.com/quote/stock/SANDISK-CORPORATION-182801077/finances/,2026-09-03
sandisk,2026,July,USD,11433,Million,12849,11494,Million,-4762,Million,148090,73.76,published diluted share count,https://www.marketscreener.com/quote/stock/SANDISK-CORPORATION-182801077/finances/,2026-09-03
sandisk,2027,July,USD,33403,Million,39402,29875,Million,-34871,Million,146419,218.4,published diluted share count,https://www.marketscreener.com/quote/stock/SANDISK-CORPORATION-182801077/finances/,2026-09-03
sandisk,2028,July,USD,38398,Million,45477,37548,Million,-69456,Million,146419,271.3,published diluted share count,https://www.marketscreener.com/quote/stock/SANDISK-CORPORATION-182801077/finances/,2026-09-03
sandisk,2029,July,USD,37022,Million,40840,35968,Million,-87939,Million,146419,281.7,published diluted share count,https://www.marketscreener.com/quote/stock/SANDISK-CORPORATION-182801077/finances/,2026-09-03
mediatek,2024,December,TWD,106387,Million,123348,142268,Million,-213413,Million,1593894,66.92,published diluted share count,https://www.marketscreener.com/quote/stock/MEDIATEK-INC-6495333/finances/,2026-09-03
mediatek,2025,December,TWD,105319,Million,126444,147734,Million,-244871,Million,1596135,66.16,published diluted share count,https://www.marketscreener.com/quote/stock/MEDIATEK-INC-6495333/finances/,2026-09-03
mediatek,2026,December,TWD,109174,Million,131745,93095,Million,-195615,Million,1596101,68.64,published diluted share count,https://www.marketscreener.com/quote/stock/MEDIATEK-INC-6495333/finances/,2026-09-03
mediatek,2027,December,TWD,232995,Million,285821,168861,Million,-280659,Million,1596101,144.5,published diluted share count,https://www.marketscreener.com/quote/stock/MEDIATEK-INC-6495333/finances/,2026-09-03
mediatek,2028,December,TWD,435590,Million,518566,314273,Million,-454278,Million,1596101,277.4,published diluted share count,https://www.marketscreener.com/quote/stock/MEDIATEK-INC-6495333/finances/,2026-09-03
marvell,2024,January,USD,-933.4,Million,1898,1034,Million,3215,Million,864500,-1.08,published diluted share count,https://www.marketscreener.com/quote/stock/MARVELL-TECHNOLOGY-GROUP--4934/finances/,2026-09-03
marvell,2025,January,USD,-885,Million,1969,1397,Million,3116,Million,865300,-1.02,published diluted share count,https://www.marketscreener.com/quote/stock/MARVELL-TECHNOLOGY-GROUP--4934/finances/,2026-09-03
marvell,2026,January,USD,2670,Million,3240,1396,Million,1832,Million,848100,3.07,published diluted share count,https://www.marketscreener.com/quote/stock/MARVELL-TECHNOLOGY-GROUP--4934/finances/,2026-09-03
marvell,2027,January,USD,1619,Million,4526,2697,Million,-114,Million,876927,1.773,published diluted share count,https://www.marketscreener.com/quote/stock/MARVELL-TECHNOLOGY-GROUP--4934/finances/,2026-09-03
marvell,2028,January,USD,4064,Million,7042,4997,Million,-4850,Million,876927,4.549,published diluted share count,https://www.marketscreener.com/quote/stock/MARVELL-TECHNOLOGY-GROUP--4934/finances/,2026-09-03
marvell,2029,January,USD,7021,Million,10469,7162,Million,-9837,Million,876927,7.975,published diluted share count,https://www.marketscreener.com/quote/stock/MARVELL-TECHNOLOGY-GROUP--4934/finances/,2026-09-03
qualcomm,2024,September,USD,10142,Million,15026,11161,Million,1334,Million,1114000,8.97,published diluted share count,https://www.marketscreener.com/quote/stock/QUALCOMM-INCORPORATED-4897/finances/,2026-09-03
qualcomm,2025,September,USD,5541,Million,17055,12820,Million,4656,Million,1073507,5.01,published diluted share count,https://www.marketscreener.com/quote/stock/QUALCOMM-INCORPORATED-4897/finances/,2026-09-03
qualcomm,2026,September,USD,13754,Million,14891,10418,Million,5117,Million,1068060,12.46,published diluted share count,https://www.marketscreener.com/quote/stock/QUALCOMM-INCORPORATED-4897/finances/,2026-09-03
qualcomm,2027,September,USD,7514,Million,14490,10537,Million,7800,Million,1068060,7.01,published diluted share count,https://www.marketscreener.com/quote/stock/QUALCOMM-INCORPORATED-4897/finances/,2026-09-03
qualcomm,2028,September,USD,10545,Million,17074,12204,Million,7427,Million,1068060,10.37,published diluted share count,https://www.marketscreener.com/quote/stock/QUALCOMM-INCORPORATED-4897/finances/,2026-09-03
analog-devices,2024,November,USD,1635,Million,4216,3122,Million,5219,Million,496493,3.28,published diluted share count,https://www.marketscreener.com/quote/stock/ANALOG-DEVICES-INC-10345717/finances/,2026-09-03
analog-devices,2025,November,USD,2267,Million,6621,4279,Million,4939,Million,491955,4.56,published diluted share count,https://www.marketscreener.com/quote/stock/ANALOG-DEVICES-INC-10345717/finances/,2026-09-03
analog-devices,2026,November,USD,4827,Million,8852,5298,Million,6364,Million,484565,9.897,published diluted share count,https://www.marketscreener.com/quote/stock/ANALOG-DEVICES-INC-10345717/finances/,2026-09-03
analog-devices,2027,November,USD,6469,Million,10592,7153,Million,4008,Million,484565,13.58,published diluted share count,https://www.marketscreener.com/quote/stock/ANALOG-DEVICES-INC-10345717/finances/,2026-09-03
analog-devices,2028,November,USD,7387,Million,11795,7778,Million,2584,Million,484565,15.39,published diluted share count,https://www.marketscreener.com/quote/stock/ANALOG-DEVICES-INC-10345717/finances/,2026-09-03
kioxia,2024,March,JPY,-243700,Million,,,Million,,Million,,,published diluted share count,https://www.marketscreener.com/quote/stock/KIOXIA-HOLDINGS-CORPORATI-180030735/finances/,2026-09-03
kioxia,2025,March,JPY,272315,Million,764055,303405,Million,789068,Million,539063,520,published diluted share count,https://www.marketscreener.com/quote/stock/KIOXIA-HOLDINGS-CORPORATI-180030735/finances/,2026-09-03
kioxia,2026,March,JPY,554490,Million,1183195,395028,Million,576861,Million,545662,1024,published diluted share count,https://www.marketscreener.com/quote/stock/KIOXIA-HOLDINGS-CORPORATI-180030735/finances/,2026-09-03
kioxia,2027,March,JPY,5617670,Million,8339690,4373011,Million,-2616987,Million,548015,10431,published diluted share count,https://www.marketscreener.com/quote/stock/KIOXIA-HOLDINGS-CORPORATI-180030735/finances/,2026-09-03
kioxia,2028,March,JPY,7574615,Million,11072415,7220330,Million,-7382409,Million,548015,14294,published diluted share count,https://www.marketscreener.com/quote/stock/KIOXIA-HOLDINGS-CORPORATI-180030735/finances/,2026-09-03
kioxia,2029,March,JPY,8328912,Million,12312517,8432468,Million,-13159080,Million,548015,16427,published diluted share count,https://www.marketscreener.com/quote/stock/KIOXIA-HOLDINGS-CORPORATI-180030735/finances/,2026-09-03
tokyo-electron,2024,March,JPY,363963,Million,508602,309572,Million,-472548,Million,462905,783.8,published diluted share count,https://www.marketscreener.com/quote/stock/TOKYO-ELECTRON-LIMITED-6491071/finances/,2026-09-03
tokyo-electron,2025,March,JPY,544133,Million,759467,412565,Million,-496238,Million,458065,1182,published diluted share count,https://www.marketscreener.com/quote/stock/TOKYO-ELECTRON-LIMITED-6491071/finances/,2026-09-03
tokyo-electron,2026,March,JPY,574454,Million,705918,443240,Million,-506250,Million,454784,1255,published diluted share count,https://www.marketscreener.com/quote/stock/TOKYO-ELECTRON-LIMITED-6491071/finances/,2026-09-03
tokyo-electron,2027,March,JPY,773005,Million,1097924,296225,Million,-376793,Million,454651,1700,published diluted share count,https://www.marketscreener.com/quote/stock/TOKYO-ELECTRON-LIMITED-6491071/finances/,2026-09-03
tokyo-electron,2028,March,JPY,1034964,Million,1438156,697865,Million,-349156,Million,454651,2324,published diluted share count,https://www.marketscreener.com/quote/stock/TOKYO-ELECTRON-LIMITED-6491071/finances/,2026-09-03
tokyo-electron,2029,March,JPY,1278453,Million,1730943,1013575,Million,-543411,Million,454651,2827,published diluted share count,https://www.marketscreener.com/quote/stock/TOKYO-ELECTRON-LIMITED-6491071/finances/,2026-09-03
advantest,2024,March,JPY,62290,Million,107732,4728,Million,-12259,Million,738176,84.45,published diluted share count,https://www.marketscreener.com/quote/stock/ADVANTEST-CORPORATION-6492081/finances/,2026-09-03
advantest,2025,March,JPY,161177,Million,255236,268557,Million,-169041,Million,733644,218.7,published diluted share count,https://www.marketscreener.com/quote/stock/ADVANTEST-CORPORATION-6492081/finances/,2026-09-03
advantest,2026,March,JPY,375353,Million,524732,299152,Million,-319774,Million,725790,515.2,published diluted share count,https://www.marketscreener.com/quote/stock/ADVANTEST-CORPORATION-6492081/finances/,2026-09-03
advantest,2027,March,JPY,664289,Million,893659,483640,Million,-549281,Million,723966,916.6,published diluted share count,https://www.marketscreener.com/quote/stock/ADVANTEST-CORPORATION-6492081/finances/,2026-09-03
advantest,2028,March,JPY,823760,Million,1103036,712911,Million,-831053,Million,723966,1140,published diluted share count,https://www.marketscreener.com/quote/stock/ADVANTEST-CORPORATION-6492081/finances/,2026-09-03
advantest,2029,March,JPY,928344,Million,1235091,958537,Million,-1252378,Million,723966,1288,published diluted share count,https://www.marketscreener.com/quote/stock/ADVANTEST-CORPORATION-6492081/finances/,2026-09-03
sony,2024,March,JPY,970573,Million,2353812,749267,Million,1783167,Million,6133099,157.7,published diluted share count,https://www.marketscreener.com/quote/stock/SONY-GROUP-CORPORATION-6492482/finances/,2026-09-03
sony,2025,March,JPY,1141600,Million,2075600,1674148,Million,1217290,Million,6029075,188.7,published diluted share count,https://www.marketscreener.com/quote/stock/SONY-GROUP-CORPORATION-6492482/finances/,2026-09-03
sony,2026,March,JPY,-326865,Million,2628162,1487936,Million,-539210,Million,5906960,-54.7,published diluted share count,https://www.marketscreener.com/quote/stock/SONY-GROUP-CORPORATION-6492482/finances/,2026-09-03
sony,2027,March,JPY,1269312,Million,2643535,1029448,Million,-1729772,Million,5872462,217,published diluted share count,https://www.marketscreener.com/quote/stock/SONY-GROUP-CORPORATION-6492482/finances/,2026-09-03
sony,2028,March,JPY,1339454,Million,2625024,1181304,Million,-2601397,Million,5872462,230.5,published diluted share count,https://www.marketscreener.com/quote/stock/SONY-GROUP-CORPORATION-6492482/finances/,2026-09-03
sony,2029,March,JPY,1399862,Million,2656474,1183425,Million,-3451887,Million,5872462,241.6,published diluted share count,https://www.marketscreener.com/quote/stock/SONY-GROUP-CORPORATION-6492482/finances/,2026-09-03
cambricon,2024,December,CNY,-452.3,Million,-288.4,,Million,-1874,Million,621651,-0.7315,published diluted share count,https://www.marketscreener.com/quote/stock/CAMBRICON-TECHNOLOGIES-CO-111379938/finances/,2026-09-03
cambricon,2025,December,CNY,2059,Million,2185,-1067,Million,-1303,Million,628311,3.275,published diluted share count,https://www.marketscreener.com/quote/stock/CAMBRICON-TECHNOLOGIES-CO-111379938/finances/,2026-09-03
cambricon,2026,December,CNY,5388,Million,5873,-2246,Million,-5641,Million,628256,8.83,published diluted share count,https://www.marketscreener.com/quote/stock/CAMBRICON-TECHNOLOGIES-CO-111379938/finances/,2026-09-03
cambricon,2027,December,CNY,11400,Million,15312,-9274,Million,-12972,Million,628256,18.19,published diluted share count,https://www.marketscreener.com/quote/stock/CAMBRICON-TECHNOLOGIES-CO-111379938/finances/,2026-09-03
cambricon,2028,December,CNY,19088,Million,25670,,Million,-23914,Million,628256,30.4,published diluted share count,https://www.marketscreener.com/quote/stock/CAMBRICON-TECHNOLOGIES-CO-111379938/finances/,2026-09-03
ase,2024,December,TWD,32483,Million,98982,12174,Million,102209,Million,4339123,7.23,published diluted share count,https://www.marketscreener.com/quote/stock/ASE-TECHNOLOGY-HOLDING-CO-43344229/finances/,2026-09-03
ase,2025,December,TWD,40658,Million,118196,-19900,Million,150646,Million,4363741,8.89,published diluted share count,https://www.marketscreener.com/quote/stock/ASE-TECHNOLOGY-HOLDING-CO-43344229/finances/,2026-09-03
ase,2026,December,TWD,82778,Million,181558,-152779,Million,288949,Million,4397631,18.61,published diluted share count,https://www.marketscreener.com/quote/stock/ASE-TECHNOLOGY-HOLDING-CO-43344229/finances/,2026-09-03
ase,2027,December,TWD,124259,Million,267455,-82014,Million,385754,Million,4397631,27.81,published diluted share count,https://www.marketscreener.com/quote/stock/ASE-TECHNOLOGY-HOLDING-CO-43344229/finances/,2026-09-03
ase,2028,December,TWD,160388,Million,338276,-17533,Million,426222,Million,4397631,36.06,published diluted share count,https://www.marketscreener.com/quote/stock/ASE-TECHNOLOGY-HOLDING-CO-43344229/finances/,2026-09-03
hygon,2024,December,CNY,1929,Million,3977,31.83,Million,,Million,2323818,0.83,published diluted share count,https://www.marketscreener.com/quote/stock/HYGON-INFORMATION-TECHNOL-148161332/finances/,2026-09-03
hygon,2025,December,CNY,2545,Million,5250,927,Million,,Million,2320133,1.1,published diluted share count,https://www.marketscreener.com/quote/stock/HYGON-INFORMATION-TECHNOL-148161332/finances/,2026-09-03
hygon,2026,December,CNY,4447,Million,6331,9359,Million,-5156,Million,2319613,1.926,published diluted share count,https://www.marketscreener.com/quote/stock/HYGON-INFORMATION-TECHNOL-148161332/finances/,2026-09-03
hygon,2027,December,CNY,6937,Million,10045,12050,Million,-5671,Million,2319613,3.058,published diluted share count,https://www.marketscreener.com/quote/stock/HYGON-INFORMATION-TECHNOL-148161332/finances/,2026-09-03
hygon,2028,December,CNY,10154,Million,14116,15548,Million,-9073,Million,2319613,4.651,published diluted share count,https://www.marketscreener.com/quote/stock/HYGON-INFORMATION-TECHNOL-148161332/finances/,2026-09-03
infineon,2024,September,EUR,1301,Million,4055,61,Million,2610,Million,1297316,0.97,published diluted share count,https://www.marketscreener.com/quote/stock/INFINEON-TECHNOLOGIES-AG-436299/finances/,2026-09-03
infineon,2025,September,EUR,1015,Million,3432,1123,Million,4727,Million,1299086,0.76,published diluted share count,https://www.marketscreener.com/quote/stock/INFINEON-TECHNOLOGIES-AG-436299/finances/,2026-09-03
infineon,2026,September,EUR,1673,Million,4502,896.9,Million,4609,Million,1296500,1.275,published diluted share count,https://www.marketscreener.com/quote/stock/INFINEON-TECHNOLOGIES-AG-436299/finances/,2026-09-03
infineon,2027,September,EUR,3091,Million,6549,1687,Million,3637,Million,1296500,2.409,published diluted share count,https://www.marketscreener.com/quote/stock/INFINEON-TECHNOLOGIES-AG-436299/finances/,2026-09-03
infineon,2028,September,EUR,4185,Million,8121,2881,Million,2168,Million,1296500,3.306,published diluted share count,https://www.marketscreener.com/quote/stock/INFINEON-TECHNOLOGIES-AG-436299/finances/,2026-09-03
cadence,2024,December,USD,1055,Million,2110,1118,Million,-168,Million,274263,3.85,published diluted share count,https://www.marketscreener.com/quote/stock/CADENCE-DESIGN-SYSTEMS-IN-8724/finances/,2026-09-03
cadence,2025,December,USD,1109,Million,2589,1587,Million,-521,Million,272201,4.06,published diluted share count,https://www.marketscreener.com/quote/stock/CADENCE-DESIGN-SYSTEMS-IN-8724/finances/,2026-09-03
cadence,2026,December,USD,1332,Million,2996,1806,Million,693,Million,275393,4.806,published diluted share count,https://www.marketscreener.com/quote/stock/CADENCE-DESIGN-SYSTEMS-IN-8724/finances/,2026-09-03
cadence,2027,December,USD,1644,Million,3504,2307,Million,-754,Million,275393,5.886,published diluted share count,https://www.marketscreener.com/quote/stock/CADENCE-DESIGN-SYSTEMS-IN-8724/finances/,2026-09-03
cadence,2028,December,USD,1975,Million,3983,2675,Million,-1959,Million,275393,7.024,published diluted share count,https://www.marketscreener.com/quote/stock/CADENCE-DESIGN-SYSTEMS-IN-8724/finances/,2026-09-03
synopsys,2024,October,USD,1442,Million,2533,1284,Million,-4035,Million,153614,9.25,published diluted share count,https://www.marketscreener.com/quote/stock/SYNOPSYS-INC-4908/finances/,2026-09-03
synopsys,2025,October,USD,1332,Million,2789,1349,Million,10501,Million,185749,8.04,published diluted share count,https://www.marketscreener.com/quote/stock/SYNOPSYS-INC-4908/finances/,2026-09-03
synopsys,2026,October,USD,749.1,Million,3837,2536,Million,6780,Million,191637,3.972,published diluted share count,https://www.marketscreener.com/quote/stock/SYNOPSYS-INC-4908/finances/,2026-09-03
synopsys,2027,October,USD,1322,Million,4484,2975,Million,4895,Million,191637,7.186,published diluted share count,https://www.marketscreener.com/quote/stock/SYNOPSYS-INC-4908/finances/,2026-09-03
synopsys,2028,October,USD,2007,Million,4889,3180,Million,2111,Million,191637,10.62,published diluted share count,https://www.marketscreener.com/quote/stock/SYNOPSYS-INC-4908/finances/,2026-09-03
lumentum,2024,June,USD,-546.5,Million,140.5,-108.3,Million,1616,Million,67600,-8.12,published diluted share count,https://www.marketscreener.com/quote/stock/LUMENTUM-HOLDINGS-INC-23132759/finances/,2026-09-03
lumentum,2025,June,USD,25.9,Million,264.2,-104.7,Million,1696,Million,69400,0.37,published diluted share count,https://www.marketscreener.com/quote/stock/LUMENTUM-HOLDINGS-INC-23132759/finances/,2026-09-03
lumentum,2026,June,USD,-6935,Million,1026,,Million,,Million,77800,-92.96,published diluted share count,https://www.marketscreener.com/quote/stock/LUMENTUM-HOLDINGS-INC-23132759/finances/,2026-09-03
lumentum,2027,June,USD,1941,Million,2770,1138,Million,-1726,Million,89700,21.2,published diluted share count,https://www.marketscreener.com/quote/stock/LUMENTUM-HOLDINGS-INC-23132759/finances/,2026-09-03
lumentum,2028,June,USD,3015,Million,4378,2512,Million,-3918,Million,89700,32.2,published diluted share count,https://www.marketscreener.com/quote/stock/LUMENTUM-HOLDINGS-INC-23132759/finances/,2026-09-03
lumentum,2029,June,USD,4644,Million,6222,4343,Million,-7664,Million,89700,49.96,published diluted share count,https://www.marketscreener.com/quote/stock/LUMENTUM-HOLDINGS-INC-23132759/finances/,2026-09-03
smic,2024,December,USD,492.7,Million,3697,-4489,Million,4600,Million,7976150,0.06,published diluted share count,https://www.marketscreener.com/quote/stock/SMIC-SEMICONDUCTOR-MANUFA-6170774/finances/,2026-09-03
smic,2025,December,USD,685.1,Million,4920,-4908,Million,6715,Million,8000408,0.08,published diluted share count,https://www.marketscreener.com/quote/stock/SMIC-SEMICONDUCTOR-MANUFA-6170774/finances/,2026-09-03
smic,2026,December,USD,1351,Million,6665,-1907,Million,6490,Million,8560806,0.1674,published diluted share count,https://www.marketscreener.com/quote/stock/SMIC-SEMICONDUCTOR-MANUFA-6170774/finances/,2026-09-03
smic,2027,December,USD,1721,Million,7727,-198.6,Million,7838,Million,8560806,0.2135,published diluted share count,https://www.marketscreener.com/quote/stock/SMIC-SEMICONDUCTOR-MANUFA-6170774/finances/,2026-09-03
smic,2028,December,USD,2212,Million,8965,191,Million,8697,Million,8560806,0.2676,published diluted share count,https://www.marketscreener.com/quote/stock/SMIC-SEMICONDUCTOR-MANUFA-6170774/finances/,2026-09-03
naura,2024,December,CNY,5621,Million,7533,-473,Million,-6274,Million,719714,7.826,published diluted share count,https://www.marketscreener.com/quote/stock/NAURA-TECHNOLOGY-GROUP-CO-6970734/finances/,2026-09-03
naura,2025,December,CNY,5522,Million,7305,-128.1,Million,-2493,Million,724378,7.64,published diluted share count,https://www.marketscreener.com/quote/stock/NAURA-TECHNOLOGY-GROUP-CO-6970734/finances/,2026-09-03
naura,2026,December,CNY,7356,Million,9483,5185,Million,-2996,Million,725689,10.18,published diluted share count,https://www.marketscreener.com/quote/stock/NAURA-TECHNOLOGY-GROUP-CO-6970734/finances/,2026-09-03
naura,2027,December,CNY,11399,Million,13926,3376,Million,-7477,Million,725689,15.67,published diluted share count,https://www.marketscreener.com/quote/stock/NAURA-TECHNOLOGY-GROUP-CO-6970734/finances/,2026-09-03
naura,2028,December,CNY,15167,Million,19566,13051,Million,-12511,Million,725689,20.73,published diluted share count,https://www.marketscreener.com/quote/stock/NAURA-TECHNOLOGY-GROUP-CO-6970734/finances/,2026-09-03
samsung-electro-mechanics,2024,December,KRW,679.1,Billion,1575,653833,Million,-356,Billion,75547,8988,published diluted share count,https://www.marketscreener.com/quote/stock/SAMSUNG-ELECTRO-MECHANICS-6492387/finances/,2026-09-03
samsung-electro-mechanics,2025,December,KRW,706.1,Billion,1838,297978,Million,-424,Billion,75547,9345,published diluted share count,https://www.marketscreener.com/quote/stock/SAMSUNG-ELECTRO-MECHANICS-6492387/finances/,2026-09-03
samsung-electro-mechanics,2026,December,KRW,1575,Billion,3077,-31173,Million,197,Billion,75547,20574,published diluted share count,https://www.marketscreener.com/quote/stock/SAMSUNG-ELECTRO-MECHANICS-6492387/finances/,2026-09-03
samsung-electro-mechanics,2027,December,KRW,3190,Billion,5343,1219710,Million,233,Billion,75547,41946,published diluted share count,https://www.marketscreener.com/quote/stock/SAMSUNG-ELECTRO-MECHANICS-6492387/finances/,2026-09-03
samsung-electro-mechanics,2028,December,KRW,4845,Billion,7616,3019167,Million,-947,Billion,75547,64505,published diluted share count,https://www.marketscreener.com/quote/stock/SAMSUNG-ELECTRO-MECHANICS-6492387/finances/,2026-09-03
shin-etsu,2024,March,JPY,520140,Million,928657,348297,Million,-1695410,Million,1995336,259.4,published diluted share count,https://www.marketscreener.com/quote/stock/SHIN-ETSU-CHEMICAL-CO-LTD-6491197/finances/,2026-09-03
shin-etsu,2025,March,JPY,534021,Million,980462,442461,Million,-1691597,Million,1979703,269.5,published diluted share count,https://www.marketscreener.com/quote/stock/SHIN-ETSU-CHEMICAL-CO-LTD-6491197/finances/,2026-09-03
shin-etsu,2026,March,JPY,474459,Million,878177,372945,Million,-1423800,Million,1855820,252.7,published diluted share count,https://www.marketscreener.com/quote/stock/SHIN-ETSU-CHEMICAL-CO-LTD-6491197/finances/,2026-09-03
shin-etsu,2027,March,JPY,556422,Million,986362,460214,Million,-1303715,Million,1859695,302.7,published diluted share count,https://www.marketscreener.com/quote/stock/SHIN-ETSU-CHEMICAL-CO-LTD-6491197/finances/,2026-09-03
shin-etsu,2028,March,JPY,622553,Million,1100954,442629,Million,-1286744,Million,1859695,343.7,published diluted share count,https://www.marketscreener.com/quote/stock/SHIN-ETSU-CHEMICAL-CO-LTD-6491197/finances/,2026-09-03
shin-etsu,2029,March,JPY,690773,Million,1218184,469012,Million,-1308499,Million,1859695,385.7,published diluted share count,https://www.marketscreener.com/quote/stock/SHIN-ETSU-CHEMICAL-CO-LTD-6491197/finances/,2026-09-03
monolithic-power,2024,December,USD,1787,Million,800.6,642.3,Million,-863,Million,48780,36.59,published diluted share count,https://www.marketscreener.com/quote/stock/MONOLITHIC-POWER-SYSTEMS--10076/finances/,2026-09-03
monolithic-power,2025,December,USD,615.9,Million,1035,666.2,Million,-1257,Million,47907,12.75,published diluted share count,https://www.marketscreener.com/quote/stock/MONOLITHIC-POWER-SYSTEMS--10076/finances/,2026-09-03
monolithic-power,2026,December,USD,1112,Million,1628,1144,Million,-2106,Million,49143,22.52,published diluted share count,https://www.marketscreener.com/quote/stock/MONOLITHIC-POWER-SYSTEMS--10076/finances/,2026-09-03
monolithic-power,2027,December,USD,1498,Million,2034,1611,Million,-3360,Million,49143,30.12,published diluted share count,https://www.marketscreener.com/quote/stock/MONOLITHIC-POWER-SYSTEMS--10076/finances/,2026-09-03
monolithic-power,2028,December,USD,1809,Million,2479,2083,Million,-5043,Million,49143,36.23,published diluted share count,https://www.marketscreener.com/quote/stock/MONOLITHIC-POWER-SYSTEMS--10076/finances/,2026-09-03
nxp,2024,December,USD,2510,Million,5064,2055,Million,7562,Million,254156,9.73,published diluted share count,https://www.marketscreener.com/quote/stock/NXP-SEMICONDUCTORS-N-V-6467512/finances/,2026-09-03
nxp,2025,December,USD,2021,Million,4727,2425,Million,8955,Million,251674,7.95,published diluted share count,https://www.marketscreener.com/quote/stock/NXP-SEMICONDUCTORS-N-V-6467512/finances/,2026-09-03
nxp,2026,December,USD,3710,Million,5618,3831,Million,6386,Million,252164,14.73,published diluted share count,https://www.marketscreener.com/quote/stock/NXP-SEMICONDUCTORS-N-V-6467512/finances/,2026-09-03
nxp,2027,December,USD,3871,Million,6457,4151,Million,3785,Million,252164,15.63,published diluted share count,https://www.marketscreener.com/quote/stock/NXP-SEMICONDUCTORS-N-V-6467512/finances/,2026-09-03
nxp,2028,December,USD,4446,Million,7251,4899,Million,1623,Million,252164,18.18,published diluted share count,https://www.marketscreener.com/quote/stock/NXP-SEMICONDUCTORS-N-V-6467512/finances/,2026-09-03
teradyne,2024,December,USD,542.4,Million,696,474.1,Million,-600,Million,162861,3.32,published diluted share count,https://www.marketscreener.com/quote/stock/TERADYNE-INC-47342162/finances/,2026-09-03
teradyne,2025,December,USD,554,Million,838.1,450.4,Million,-122,Million,156608,3.47,published diluted share count,https://www.marketscreener.com/quote/stock/TERADYNE-INC-47342162/finances/,2026-09-03
teradyne,2026,December,USD,1406,Million,1824,1253,Million,-831,Million,156341,8.878,published diluted share count,https://www.marketscreener.com/quote/stock/TERADYNE-INC-47342162/finances/,2026-09-03
teradyne,2027,December,USD,1835,Million,2313,1430,Million,-1539,Million,156341,11.74,published diluted share count,https://www.marketscreener.com/quote/stock/TERADYNE-INC-47342162/finances/,2026-09-03
teradyne,2028,December,USD,2405,Million,2775,2070,Million,-2654,Million,156341,15.58,published diluted share count,https://www.marketscreener.com/quote/stock/TERADYNE-INC-47342162/finances/,2026-09-03
coherent,2024,June,USD,-279.5,Million,1002,198.9,Million,3000,Million,152461,-1.84,published diluted share count,https://www.marketscreener.com/quote/stock/COHERENT-CORP-9656/finances/,2026-09-03
coherent,2025,June,USD,-80.6,Million,1288,192.8,Million,2778,Million,155441,-0.52,published diluted share count,https://www.marketscreener.com/quote/stock/COHERENT-CORP-9656/finances/,2026-09-03
coherent,2026,June,USD,769.9,Million,1698,-1023,Million,2060,Million,195639,4.12,published diluted share count,https://www.marketscreener.com/quote/stock/COHERENT-CORP-9656/finances/,2026-09-03
coherent,2027,June,USD,1531,Million,2820,-571.6,Million,1668,Million,195832,7.432,published diluted share count,https://www.marketscreener.com/quote/stock/COHERENT-CORP-9656/finances/,2026-09-03
coherent,2028,June,USD,2594,Million,4090,1868,Million,202,Million,195832,12.19,published diluted share count,https://www.marketscreener.com/quote/stock/COHERENT-CORP-9656/finances/,2026-09-03
coherent,2029,June,USD,3504,Million,5740,,Million,-2170,Million,195832,17.18,published diluted share count,https://www.marketscreener.com/quote/stock/COHERENT-CORP-9656/finances/,2026-09-03
nanya-technology,2024,December,TWD,-5083,Million,5595,-24048,Million,-57908,Million,3098628,-1.64,published diluted share count,https://www.marketscreener.com/quote/stock/NANYA-TECHNOLOGY-CORPORAT-6491619/finances/,2026-09-03
nanya-technology,2025,December,TWD,6603,Million,19525,5123,Million,-38818,Million,3098628,2.13,published diluted share count,https://www.marketscreener.com/quote/stock/NANYA-TECHNOLOGY-CORPORAT-6491619/finances/,2026-09-03
nanya-technology,2026,December,TWD,211783,Million,286824,92448,Million,-232021,Million,3450206,65.87,published diluted share count,https://www.marketscreener.com/quote/stock/NANYA-TECHNOLOGY-CORPORAT-6491619/finances/,2026-09-03
nanya-technology,2027,December,TWD,296160,Million,440639,113888,Million,-354413,Million,3450206,96.94,published diluted share count,https://www.marketscreener.com/quote/stock/NANYA-TECHNOLOGY-CORPORAT-6491619/finances/,2026-09-03
nanya-technology,2028,December,TWD,416201,Million,490048,178765,Million,-543988,Million,3450206,109.1,published diluted share count,https://www.marketscreener.com/quote/stock/NANYA-TECHNOLOGY-CORPORAT-6491619/finances/,2026-09-03
amec,2024,December,CNY,1616,Million,1230,563.3,Million,-7004,Million,927323,1.745,published diluted share count,https://www.marketscreener.com/quote/stock/ADVANCED-MICRO-FABRICATIO-64752214/finances/,2026-09-03
amec,2025,December,CNY,2111,Million,2533,1449,Million,-7202,Million,929834,2.255,published diluted share count,https://www.marketscreener.com/quote/stock/ADVANCED-MICRO-FABRICATIO-64752214/finances/,2026-09-03
amec,2026,December,CNY,4861,Million,3878,2441,Million,-7572,Million,957842,5.328,published diluted share count,https://www.marketscreener.com/quote/stock/ADVANCED-MICRO-FABRICATIO-64752214/finances/,2026-09-03
amec,2027,December,CNY,5263,Million,5686,3090,Million,-9320,Million,957842,5.712,published diluted share count,https://www.marketscreener.com/quote/stock/ADVANCED-MICRO-FABRICATIO-64752214/finances/,2026-09-03
amec,2028,December,CNY,7222,Million,7930,5420,Million,-12526,Million,957842,8.351,published diluted share count,https://www.marketscreener.com/quote/stock/ADVANCED-MICRO-FABRICATIO-64752214/finances/,2026-09-03
hoya,2024,March,JPY,181377,Million,401017,186994,Million,-495923,Million,351847,515.5,derived from net income / published EPS,https://www.marketscreener.com/quote/stock/HOYA-CORPORATION-6491345/finances/,2026-09-03
hoya,2025,March,JPY,202101,Million,378331,174195,Million,-496684,Million,347611,581.4,derived from net income / published EPS,https://www.marketscreener.com/quote/stock/HOYA-CORPORATION-6491345/finances/,2026-09-03
hoya,2026,March,JPY,253085,Million,343459,212735,Million,-531851,Million,340214,743.9,derived from net income / published EPS,https://www.marketscreener.com/quote/stock/HOYA-CORPORATION-6491345/finances/,2026-09-03
hoya,2027,March,JPY,271136,Million,404098,249200,Million,-469228,Million,332356,815.8,derived from net income / published EPS,https://www.marketscreener.com/quote/stock/HOYA-CORPORATION-6491345/finances/,2026-09-03
hoya,2028,March,JPY,302539,Million,447130,254185,Million,-441352,Million,329240,918.9,derived from net income / published EPS,https://www.marketscreener.com/quote/stock/HOYA-CORPORATION-6491345/finances/,2026-09-03
hoya,2029,March,JPY,337143,Million,501965,282743,Million,-431525,Million,324488,1039,derived from net income / published EPS,https://www.marketscreener.com/quote/stock/HOYA-CORPORATION-6491345/finances/,2026-09-03
astera-labs,2024,December,USD,-83.42,Million,122.7,102.4,Million,-914,Million,158611,-0.64,published diluted share count,https://www.marketscreener.com/quote/stock/ASTERA-LABS-INC-167508773/finances/,2026-09-03
astera-labs,2025,December,USD,219.1,Million,341.2,281.8,Million,-1189,Million,168904,1.22,published diluted share count,https://www.marketscreener.com/quote/stock/ASTERA-LABS-INC-167508773/finances/,2026-09-03
astera-labs,2026,December,USD,588.1,Million,825.5,504.8,Million,-1806,Million,173485,3.266,published diluted share count,https://www.marketscreener.com/quote/stock/ASTERA-LABS-INC-167508773/finances/,2026-09-03
astera-labs,2027,December,USD,857.3,Million,1307,997.9,Million,-3122,Million,173485,4.738,published diluted share count,https://www.marketscreener.com/quote/stock/ASTERA-LABS-INC-167508773/finances/,2026-09-03
astera-labs,2028,December,USD,1107,Million,1773,1281,Million,-5010,Million,173485,6.357,published diluted share count,https://www.marketscreener.com/quote/stock/ASTERA-LABS-INC-167508773/finances/,2026-09-03
umc,2024,December,TWD,47211,Million,99781,5328,Million,-24173,Million,12560716,3.8,published diluted share count,https://www.marketscreener.com/quote/stock/UNITED-MICROELECTRONICS-C-6494400/finances/,2026-09-03
umc,2025,December,TWD,41716,Million,103208,52119,Million,-32315,Million,12555278,3.34,published diluted share count,https://www.marketscreener.com/quote/stock/UNITED-MICROELECTRONICS-C-6494400/finances/,2026-09-03
umc,2026,December,TWD,87534,Million,130048,76432,Million,-86718,Million,12576985,7.079,published diluted share count,https://www.marketscreener.com/quote/stock/UNITED-MICROELECTRONICS-C-6494400/finances/,2026-09-03
umc,2027,December,TWD,84049,Million,165205,80481,Million,-100465,Million,12576985,6.97,published diluted share count,https://www.marketscreener.com/quote/stock/UNITED-MICROELECTRONICS-C-6494400/finances/,2026-09-03
umc,2028,December,TWD,96242,Million,191052,106451,Million,-131885,Million,12576985,7.969,published diluted share count,https://www.marketscreener.com/quote/stock/UNITED-MICROELECTRONICS-C-6494400/finances/,2026-09-03
unimicron,2024,December,TWD,5082,Million,22347,-15834,Million,-3780,Million,1523830,3.31,published diluted share count,https://www.marketscreener.com/quote/stock/UNIMICRON-TECHNOLOGY-CORP-6496098/finances/,2026-09-03
unimicron,2025,December,TWD,6673,Million,25447,-10650,Million,3969,Million,1528652,4.34,published diluted share count,https://www.marketscreener.com/quote/stock/UNIMICRON-TECHNOLOGY-CORP-6496098/finances/,2026-09-03
unimicron,2026,December,TWD,33335,Million,51142,-9622,Million,-41068,Million,1640421,20.21,published diluted share count,https://www.marketscreener.com/quote/stock/UNIMICRON-TECHNOLOGY-CORP-6496098/finances/,2026-09-03
unimicron,2027,December,TWD,55873,Million,94682,36369,Million,-83352,Million,1640421,36.25,published diluted share count,https://www.marketscreener.com/quote/stock/UNIMICRON-TECHNOLOGY-CORP-6496098/finances/,2026-09-03
unimicron,2028,December,TWD,86029,Million,144661,33650,Million,-140137,Million,1640421,57.23,published diluted share count,https://www.marketscreener.com/quote/stock/UNIMICRON-TECHNOLOGY-CORP-6496098/finances/,2026-09-03
asm-international,2024,December,EUR,685.8,Million,997.9,729.8,Million,-903,Million,48992,13.89,published diluted share count,https://www.marketscreener.com/quote/stock/ASM-INTERNATIONAL-N-V-6312/finances/,2026-09-03
asm-international,2025,December,EUR,723.7,Million,1189,842.4,Million,-1027,Million,48875,14.7,published diluted share count,https://www.marketscreener.com/quote/stock/ASM-INTERNATIONAL-N-V-6312/finances/,2026-09-03
asm-international,2026,December,EUR,1128,Million,1598,776.8,Million,-1526,Million,48982,23.15,published diluted share count,https://www.marketscreener.com/quote/stock/ASM-INTERNATIONAL-N-V-6312/finances/,2026-09-03
asm-international,2027,December,EUR,1494,Million,2094,1295,Million,-2289,Million,48982,31.15,published diluted share count,https://www.marketscreener.com/quote/stock/ASM-INTERNATIONAL-N-V-6312/finances/,2026-09-03
asm-international,2028,December,EUR,1755,Million,2457,1517,Million,-3348,Million,48982,37.19,published diluted share count,https://www.marketscreener.com/quote/stock/ASM-INTERNATIONAL-N-V-6312/finances/,2026-09-03
stmicroelectronics,2024,December,USD,1557,Million,3436,288,Million,-3231,Million,898175,1.66,published diluted share count,https://www.marketscreener.com/quote/stock/STMICROELECTRONICS-N-V-4710/finances/,2026-09-03
stmicroelectronics,2025,December,USD,166,Million,2405,309,Million,-2789,Million,888746,0.18,published diluted share count,https://www.marketscreener.com/quote/stock/STMICROELECTRONICS-N-V-4710/finances/,2026-09-03
stmicroelectronics,2026,December,USD,1079,Million,3302,862,Million,-2067,Million,892104,1.155,published diluted share count,https://www.marketscreener.com/quote/stock/STMICROELECTRONICS-N-V-4710/finances/,2026-09-03
stmicroelectronics,2027,December,USD,2251,Million,4651,2293,Million,-3353,Million,892104,2.581,published diluted share count,https://www.marketscreener.com/quote/stock/STMICROELECTRONICS-N-V-4710/finances/,2026-09-03
stmicroelectronics,2028,December,USD,3072,Million,5680,3565,Million,-5658,Million,892104,3.731,published diluted share count,https://www.marketscreener.com/quote/stock/STMICROELECTRONICS-N-V-4710/finances/,2026-09-03
credo,2024,May,USD,-28.37,Million,16.5,17.08,Million,-410,Million,163291,-0.18,published diluted share count,https://www.marketscreener.com/quote/stock/CREDO-TECHNOLOGY-GROUP-HO-132401547/finances/,2026-09-03
credo,2025,May,USD,52.18,Million,137.3,29.02,Million,-431,Million,169801,0.29,published diluted share count,https://www.marketscreener.com/quote/stock/CREDO-TECHNOLOGY-GROUP-HO-132401547/finances/,2026-09-03
credo,2026,May,USD,472.3,Million,673.5,407,Million,-1443,Million,184450,2.51,published diluted share count,https://www.marketscreener.com/quote/stock/CREDO-TECHNOLOGY-GROUP-HO-132401547/finances/,2026-09-03
credo,2027,May,USD,884.3,Million,1328,828.9,Million,-1518,Million,186478,4.425,published diluted share count,https://www.marketscreener.com/quote/stock/CREDO-TECHNOLOGY-GROUP-HO-132401547/finances/,2026-09-03
credo,2028,May,USD,1534,Million,2122,1717,Million,-3129,Million,186478,7.465,published diluted share count,https://www.marketscreener.com/quote/stock/CREDO-TECHNOLOGY-GROUP-HO-132401547/finances/,2026-09-03
credo,2029,May,USD,2045,Million,2776,2142,Million,-5260,Million,186478,9.854,published diluted share count,https://www.marketscreener.com/quote/stock/CREDO-TECHNOLOGY-GROUP-HO-132401547/finances/,2026-09-03
gigadevice,2024,December,CNY,1103,Million,1247,1563,Million,-8177,Million,665872,1.66,published diluted share count,https://www.marketscreener.com/quote/stock/GIGADEVICE-SEMICONDUCTOR--42843923/finances/,2026-09-03
gigadevice,2025,December,CNY,1648,Million,1860,1100,Million,-8932,Million,696765,2.47,published diluted share count,https://www.marketscreener.com/quote/stock/GIGADEVICE-SEMICONDUCTOR--42843923/finances/,2026-09-03
gigadevice,2026,December,CNY,14493,Million,10603,8473,Million,-21076,Million,701745,20.88,published diluted share count,https://www.marketscreener.com/quote/stock/GIGADEVICE-SEMICONDUCTOR--42843923/finances/,2026-09-03
gigadevice,2027,December,CNY,12860,Million,10743,5582,Million,-38393,Million,701745,17.95,published diluted share count,https://www.marketscreener.com/quote/stock/GIGADEVICE-SEMICONDUCTOR--42843923/finances/,2026-09-03
gigadevice,2028,December,CNY,11731,Million,12101,7668,Million,-55132,Million,701745,16.95,published diluted share count,https://www.marketscreener.com/quote/stock/GIGADEVICE-SEMICONDUCTOR--42843923/finances/,2026-09-03
metax,2024,December,CNY,-1409,Million,,,Million,,Million,,-7.01,published diluted share count,https://www.marketscreener.com/quote/stock/METAX-INTEGRATED-CIRCUITS-201029032/finances/,2026-09-03
metax,2025,December,CNY,-789.4,Million,-481.2,,Million,-6700,Million,400100,-2.44,published diluted share count,https://www.marketscreener.com/quote/stock/METAX-INTEGRATED-CIRCUITS-201029032/finances/,2026-09-03
metax,2026,December,CNY,547.1,Million,161.1,-2247,Million,-2490,Million,400100,1.368,published diluted share count,https://www.marketscreener.com/quote/stock/METAX-INTEGRATED-CIRCUITS-201029032/finances/,2026-09-03
metax,2027,December,CNY,848,Million,601,1.073,Million,-4898,Million,400100,2.034,published diluted share count,https://www.marketscreener.com/quote/stock/METAX-INTEGRATED-CIRCUITS-201029032/finances/,2026-09-03
metax,2028,December,CNY,1852,Million,1208,1869,Million,-6185,Million,400100,4.371,published diluted share count,https://www.marketscreener.com/quote/stock/METAX-INTEGRATED-CIRCUITS-201029032/finances/,2026-09-03
microchip,2024,March,USD,1907,Million,3623,2608,Million,5680,Million,540388,3.48,published diluted share count,https://www.marketscreener.com/quote/stock/MICROCHIP-TECHNOLOGY-INCO-4887/finances/,2026-09-03
microchip,2025,March,USD,-2.7,Million,1337,772.1,Million,4859,Million,537819,-0.01,published diluted share count,https://www.marketscreener.com/quote/stock/MICROCHIP-TECHNOLOGY-INCO-4887/finances/,2026-09-03
microchip,2026,March,USD,118.8,Million,1496,871,Million,5256,Million,541135,0.22,published diluted share count,https://www.marketscreener.com/quote/stock/MICROCHIP-TECHNOLOGY-INCO-4887/finances/,2026-09-03
microchip,2027,March,USD,1182,Million,2815,1898,Million,4507,Million,543009,2.131,published diluted share count,https://www.marketscreener.com/quote/stock/MICROCHIP-TECHNOLOGY-INCO-4887/finances/,2026-09-03
microchip,2028,March,USD,1728,Million,3281,2262,Million,3223,Million,543009,3.181,published diluted share count,https://www.marketscreener.com/quote/stock/MICROCHIP-TECHNOLOGY-INCO-4887/finances/,2026-09-03
microchip,2029,March,USD,2175,Million,3502,2412,Million,1757,Million,543009,3.921,published diluted share count,https://www.marketscreener.com/quote/stock/MICROCHIP-TECHNOLOGY-INCO-4887/finances/,2026-09-03
