company_id,fiscal_year,computed_eps,published_eps,eps_rel_error_pct,computed_pe,published_pe,pe_rel_error_pct,check_scope,source_url
nvidia,2024,1.204858,1.193,0.994,187.5075,,,historical,https://www.marketscreener.com/quote/stock/NVIDIA-CORPORATION-57355629/finances/
nvidia,2025,2.975909,2.94,1.221,75.9163,,,historical,https://www.marketscreener.com/quote/stock/NVIDIA-CORPORATION-57355629/finances/
nvidia,2026,4.941232,4.9,0.841,45.7214,,,forecast,https://www.marketscreener.com/quote/stock/NVIDIA-CORPORATION-57355629/finances/
nvidia,2027,10.037189,9.971,0.664,22.6577,22.5,0.701,forecast,https://www.marketscreener.com/quote/stock/NVIDIA-CORPORATION-57355629/finances/
nvidia,2028,15.361080,15.3,0.399,14.7660,14.7,0.449,forecast,https://www.marketscreener.com/quote/stock/NVIDIA-CORPORATION-57355629/finances/
tsmc,2024,45.242744,45.25,0.016,52.7156,,,historical,https://www.marketscreener.com/quote/stock/TSMC-TAIWAN-SEMICONDUCTOR-6492349/finances/
tsmc,2025,66.244342,66.25,0.009,36.0031,,,historical,https://www.marketscreener.com/quote/stock/TSMC-TAIWAN-SEMICONDUCTOR-6492349/finances/
tsmc,2026,106.771961,107.4,0.585,22.2067,22.2,0.030,forecast,https://www.marketscreener.com/quote/stock/TSMC-TAIWAN-SEMICONDUCTOR-6492349/finances/
tsmc,2027,140.300597,141.2,0.637,16.8909,16.9,0.054,forecast,https://www.marketscreener.com/quote/stock/TSMC-TAIWAN-SEMICONDUCTOR-6492349/finances/
tsmc,2028,175.988311,178.7,1.517,13.5520,,,forecast,https://www.marketscreener.com/quote/stock/TSMC-TAIWAN-SEMICONDUCTOR-6492349/finances/
broadcom,2024,1.262157,1.23,2.614,271.7966,,,historical,https://www.marketscreener.com/quote/stock/BROADCOM-INC-42668543/finances/
broadcom,2025,4.897123,4.77,2.665,70.0513,,,historical,https://www.marketscreener.com/quote/stock/BROADCOM-INC-42668543/finances/
broadcom,2026,9.571463,9.222,3.789,37.1991,39.8,6.535,forecast,https://www.marketscreener.com/quote/stock/BROADCOM-INC-42668543/finances/
broadcom,2027,16.704501,16.41,1.795,20.9049,22.4,6.674,forecast,https://www.marketscreener.com/quote/stock/BROADCOM-INC-42668543/finances/
broadcom,2028,25.084812,25.5,1.628,13.6756,,,forecast,https://www.marketscreener.com/quote/stock/BROADCOM-INC-42668543/finances/
samsung-electronics,2024,4949.600812,4950,0.008,50.6101,,,historical,https://www.marketscreener.com/quote/stock/SAMSUNG-ELECTRONICS-CO-LT-6494906/finances/
samsung-electronics,2025,6681.774039,6605,1.162,37.4900,,,historical,https://www.marketscreener.com/quote/stock/SAMSUNG-ELECTRONICS-CO-LT-6494906/finances/
samsung-electronics,2026,47681.460346,48642,1.975,5.1499,5.15,0.003,forecast,https://www.marketscreener.com/quote/stock/SAMSUNG-ELECTRONICS-CO-LT-6494906/finances/
samsung-electronics,2027,68008.070470,69839,2.622,3.5868,3.59,0.089,forecast,https://www.marketscreener.com/quote/stock/SAMSUNG-ELECTRONICS-CO-LT-6494906/finances/
samsung-electronics,2028,72780.099174,74497,2.305,3.4419,,,forecast,https://www.marketscreener.com/quote/stock/SAMSUNG-ELECTRONICS-CO-LT-6494906/finances/
micron,2024,0.701634,0.7,0.233,1335.2555,,,historical,https://www.marketscreener.com/quote/stock/MICRON-TECHNOLOGY-INC-13639/finances/
micron,2025,7.630068,7.59,0.528,122.7853,,,historical,https://www.marketscreener.com/quote/stock/MICRON-TECHNOLOGY-INC-13639/finances/
micron,2026,73.216321,72.67,0.752,12.8920,13.2,2.334,forecast,https://www.marketscreener.com/quote/stock/MICRON-TECHNOLOGY-INC-13639/finances/
micron,2027,145.481688,149.9,2.948,6.2499,6.38,2.039,forecast,https://www.marketscreener.com/quote/stock/MICRON-TECHNOLOGY-INC-13639/finances/
micron,2028,168.920827,169.3,0.224,5.5461,,,forecast,https://www.marketscreener.com/quote/stock/MICRON-TECHNOLOGY-INC-13639/finances/
sk-hynix,2024,28731.319998,28322,1.445,56.1408,,,historical,https://www.marketscreener.com/quote/stock/SK-HYNIX-INC-6494929/finances/
sk-hynix,2025,62160.459407,60372,2.962,25.9490,,,historical,https://www.marketscreener.com/quote/stock/SK-HYNIX-INC-6494929/finances/
sk-hynix,2026,350282.493627,349657,0.179,4.6131,4.61,0.067,forecast,https://www.marketscreener.com/quote/stock/SK-HYNIX-INC-6494929/finances/
sk-hynix,2027,462566.507424,479654,3.562,3.3628,3.36,0.085,forecast,https://www.marketscreener.com/quote/stock/SK-HYNIX-INC-6494929/finances/
sk-hynix,2028,513756.986881,519029,1.016,3.1396,,,forecast,https://www.marketscreener.com/quote/stock/SK-HYNIX-INC-6494929/finances/
amd,2024,1.011211,1,1.121,442.5388,,,historical,https://www.marketscreener.com/quote/stock/AMD-ADVANCED-MICRO-DEVICE-19475876/finances/
amd,2025,2.662708,2.65,0.480,168.0620,,,historical,https://www.marketscreener.com/quote/stock/AMD-ADVANCED-MICRO-DEVICE-19475876/finances/
amd,2026,5.744652,5.729,0.273,78.1114,79.8,2.116,forecast,https://www.marketscreener.com/quote/stock/AMD-ADVANCED-MICRO-DEVICE-19475876/finances/
amd,2027,13.075851,12.9,1.363,34.6899,35.4,2.006,forecast,https://www.marketscreener.com/quote/stock/AMD-ADVANCED-MICRO-DEVICE-19475876/finances/
amd,2028,19.955589,18.98,5.140,22.4248,,,forecast,https://www.marketscreener.com/quote/stock/AMD-ADVANCED-MICRO-DEVICE-19475876/finances/
asml,2024,19.265803,19.24,0.134,73.1971,,,historical,https://www.marketscreener.com/quote/stock/ASML-HOLDING-N-V-12002973/finances/
asml,2025,24.321847,24.71,1.571,57.9808,,,historical,https://www.marketscreener.com/quote/stock/ASML-HOLDING-N-V-12002973/finances/
asml,2026,38.333351,37.88,1.197,37.2281,38.2,2.544,forecast,https://www.marketscreener.com/quote/stock/ASML-HOLDING-N-V-12002973/finances/
asml,2027,50.579088,51.54,1.864,27.3613,28.1,2.629,forecast,https://www.marketscreener.com/quote/stock/ASML-HOLDING-N-V-12002973/finances/
asml,2028,63.004489,66.73,5.583,22.3825,,,forecast,https://www.marketscreener.com/quote/stock/ASML-HOLDING-N-V-12002973/finances/
cxmt,2025,,0.03,,,,,historical,https://www.marketscreener.com/quote/stock/CXMT-CORPORATION-213965109/finances/
cxmt,2026,3.307838,3.068,7.817,16.4216,,,forecast,https://www.marketscreener.com/quote/stock/CXMT-CORPORATION-213965109/finances/
cxmt,2027,4.994534,4.754,5.060,10.8759,,,forecast,https://www.marketscreener.com/quote/stock/CXMT-CORPORATION-213965109/finances/
intel,2024,-4.348713,-4.38,0.714,,,,historical,https://www.marketscreener.com/quote/stock/INTEL-CORPORATION-4829/finances/
intel,2025,-0.055975,-0.06,6.709,,,,historical,https://www.marketscreener.com/quote/stock/INTEL-CORPORATION-4829/finances/
intel,2026,-2.245493,-2.307,2.666,-38.6216,-39,0.970,forecast,https://www.marketscreener.com/quote/stock/INTEL-CORPORATION-4829/finances/
intel,2027,1.531442,1.588,3.562,56.1083,56.7,1.044,forecast,https://www.marketscreener.com/quote/stock/INTEL-CORPORATION-4829/finances/
intel,2028,2.555892,2.05,24.678,34.8606,,,forecast,https://www.marketscreener.com/quote/stock/INTEL-CORPORATION-4829/finances/
lam-research,2024,2.927926,2.9,0.963,98.4724,,,historical,https://www.marketscreener.com/quote/stock/LAM-RESEARCH-CORPORATION-4877/finances/
lam-research,2025,4.188824,4.15,0.936,68.8308,,,historical,https://www.marketscreener.com/quote/stock/LAM-RESEARCH-CORPORATION-4877/finances/
lam-research,2026,5.809346,5.76,0.857,49.6304,,,forecast,https://www.marketscreener.com/quote/stock/LAM-RESEARCH-CORPORATION-4877/finances/
lam-research,2027,9.413252,9.406,0.077,30.6528,30.7,0.154,forecast,https://www.marketscreener.com/quote/stock/LAM-RESEARCH-CORPORATION-4877/finances/
lam-research,2028,11.640498,11.65,0.082,24.7485,24.8,0.208,forecast,https://www.marketscreener.com/quote/stock/LAM-RESEARCH-CORPORATION-4877/finances/
applied-materials,2024,8.705683,8.61,1.111,49.1219,,,historical,https://www.marketscreener.com/quote/stock/APPLIED-MATERIALS-INC-4850/finances/
applied-materials,2025,8.784372,8.66,1.436,48.6819,,,historical,https://www.marketscreener.com/quote/stock/APPLIED-MATERIALS-INC-4850/finances/
applied-materials,2026,13.277520,13.19,0.664,32.4215,33.2,2.345,forecast,https://www.marketscreener.com/quote/stock/APPLIED-MATERIALS-INC-4850/finances/
applied-materials,2027,18.417408,18.44,0.123,23.1909,23.8,2.559,forecast,https://www.marketscreener.com/quote/stock/APPLIED-MATERIALS-INC-4850/finances/
applied-materials,2028,23.335522,23.92,2.443,18.3257,,,forecast,https://www.marketscreener.com/quote/stock/APPLIED-MATERIALS-INC-4850/finances/
arm,2024,0.297644,0.29,2.636,775.3567,,,historical,https://www.marketscreener.com/quote/stock/ARM-HOLDINGS-PLC-159091235/finances/
arm,2025,0.751423,0.75,0.190,307.1239,,,historical,https://www.marketscreener.com/quote/stock/ARM-HOLDINGS-PLC-159091235/finances/
arm,2026,0.851224,0.85,0.144,271.1154,,,forecast,https://www.marketscreener.com/quote/stock/ARM-HOLDINGS-PLC-159091235/finances/
arm,2027,1.260206,1.257,0.255,183.5959,187,1.820,forecast,https://www.marketscreener.com/quote/stock/ARM-HOLDINGS-PLC-159091235/finances/
arm,2028,1.825708,1.806,1.091,127.7852,130,1.704,forecast,https://www.marketscreener.com/quote/stock/ARM-HOLDINGS-PLC-159091235/finances/
texas-instruments,2024,5.260810,5.2,1.169,48.4336,,,historical,https://www.marketscreener.com/quote/stock/TEXAS-INSTRUMENTS-INCORPO-9730651/finances/
texas-instruments,2025,5.503933,5.45,0.990,46.2942,,,historical,https://www.marketscreener.com/quote/stock/TEXAS-INSTRUMENTS-INCORPO-9730651/finances/
texas-instruments,2026,8.555179,8.506,0.578,29.9553,30,0.149,forecast,https://www.marketscreener.com/quote/stock/TEXAS-INSTRUMENTS-INCORPO-9730651/finances/
texas-instruments,2027,10.080504,10.1,0.193,25.2277,25.2,0.110,forecast,https://www.marketscreener.com/quote/stock/TEXAS-INSTRUMENTS-INCORPO-9730651/finances/
texas-instruments,2028,11.401065,11.6,1.715,22.3488,,,forecast,https://www.marketscreener.com/quote/stock/TEXAS-INSTRUMENTS-INCORPO-9730651/finances/
kla,2024,2.051396,2.028,1.154,83.3969,,,historical,https://www.marketscreener.com/quote/stock/KLA-CORPORATION-40328827/finances/
kla,2025,3.071655,3.037,1.141,55.6964,,,historical,https://www.marketscreener.com/quote/stock/KLA-CORPORATION-40328827/finances/
kla,2026,3.698302,3.66,1.047,46.2591,,,forecast,https://www.marketscreener.com/quote/stock/KLA-CORPORATION-40328827/finances/
kla,2027,5.369880,5.395,0.466,31.7108,31.9,0.593,forecast,https://www.marketscreener.com/quote/stock/KLA-CORPORATION-40328827/finances/
kla,2028,6.536313,6.71,2.588,25.4963,25.7,0.793,forecast,https://www.marketscreener.com/quote/stock/KLA-CORPORATION-40328827/finances/
sandisk,2024,,-4.667,,,,,historical,https://www.marketscreener.com/quote/stock/SANDISK-CORPORATION-182801077/finances/
sandisk,2025,-11.293952,-11.32,0.230,,,,historical,https://www.marketscreener.com/quote/stock/SANDISK-CORPORATION-182801077/finances/
sandisk,2026,77.203052,73.76,4.668,20.1210,,,forecast,https://www.marketscreener.com/quote/stock/SANDISK-CORPORATION-182801077/finances/
sandisk,2027,228.132961,218.4,4.456,7.1126,7.11,0.037,forecast,https://www.marketscreener.com/quote/stock/SANDISK-CORPORATION-182801077/finances/
sandisk,2028,262.247386,271.3,3.337,5.7258,5.73,0.074,forecast,https://www.marketscreener.com/quote/stock/SANDISK-CORPORATION-182801077/finances/
mediatek,2024,66.746597,66.92,0.259,64.0482,,,historical,https://www.marketscreener.com/quote/stock/MEDIATEK-INC-6495333/finances/
mediatek,2025,65.983767,66.16,0.266,64.7887,,,historical,https://www.marketscreener.com/quote/stock/MEDIATEK-INC-6495333/finances/
mediatek,2026,68.400433,68.64,0.349,62.2815,62.3,0.030,forecast,https://www.marketscreener.com/quote/stock/MEDIATEK-INC-6495333/finances/
mediatek,2027,145.977604,144.5,1.023,29.5848,29.6,0.051,forecast,https://www.marketscreener.com/quote/stock/MEDIATEK-INC-6495333/finances/
mediatek,2028,272.908795,277.4,1.619,15.6646,,,forecast,https://www.marketscreener.com/quote/stock/MEDIATEK-INC-6495333/finances/
marvell,2024,-1.079699,-1.08,0.028,,,,historical,https://www.marketscreener.com/quote/stock/MARVELL-TECHNOLOGY-GROUP--4934/finances/
marvell,2025,-1.022767,-1.02,0.271,,,,historical,https://www.marketscreener.com/quote/stock/MARVELL-TECHNOLOGY-GROUP--4934/finances/
marvell,2026,3.148214,3.07,2.548,65.7262,,,forecast,https://www.marketscreener.com/quote/stock/MARVELL-TECHNOLOGY-GROUP--4934/finances/
marvell,2027,1.846220,1.773,4.130,116.7061,116,0.609,forecast,https://www.marketscreener.com/quote/stock/MARVELL-TECHNOLOGY-GROUP--4934/finances/
marvell,2028,4.634365,4.549,1.877,45.4869,45.4,0.191,forecast,https://www.marketscreener.com/quote/stock/MARVELL-TECHNOLOGY-GROUP--4934/finances/
qualcomm,2024,9.104129,8.97,1.495,18.2631,,,historical,https://www.marketscreener.com/quote/stock/QUALCOMM-INCORPORATED-4897/finances/
qualcomm,2025,5.161587,5.01,3.026,32.2130,,,historical,https://www.marketscreener.com/quote/stock/QUALCOMM-INCORPORATED-4897/finances/
qualcomm,2026,12.877554,12.46,3.351,13.3443,13.6,1.880,forecast,https://www.marketscreener.com/quote/stock/QUALCOMM-INCORPORATED-4897/finances/
qualcomm,2027,7.035185,7.01,0.359,23.7190,24.2,1.988,forecast,https://www.marketscreener.com/quote/stock/QUALCOMM-INCORPORATED-4897/finances/
qualcomm,2028,9.873041,10.37,4.792,16.8408,,,forecast,https://www.marketscreener.com/quote/stock/QUALCOMM-INCORPORATED-4897/finances/
analog-devices,2024,3.293098,3.28,0.399,108.0168,,,historical,https://www.marketscreener.com/quote/stock/ANALOG-DEVICES-INC-10345717/finances/
analog-devices,2025,4.608145,4.56,1.056,77.1916,,,historical,https://www.marketscreener.com/quote/stock/ANALOG-DEVICES-INC-10345717/finances/
analog-devices,2026,9.961512,9.897,0.652,35.9412,35.9,0.115,forecast,https://www.marketscreener.com/quote/stock/ANALOG-DEVICES-INC-10345717/finances/
analog-devices,2027,13.350118,13.58,1.693,26.1937,26.2,0.024,forecast,https://www.marketscreener.com/quote/stock/ANALOG-DEVICES-INC-10345717/finances/
analog-devices,2028,15.244601,15.39,0.945,23.3335,,,forecast,https://www.marketscreener.com/quote/stock/ANALOG-DEVICES-INC-10345717/finances/
kioxia,2025,505.163589,520,2.853,100.8782,,,historical,https://www.marketscreener.com/quote/stock/KIOXIA-HOLDINGS-CORPORATI-180030735/finances/
kioxia,2026,1016.178513,1024,0.764,50.1487,,,forecast,https://www.marketscreener.com/quote/stock/KIOXIA-HOLDINGS-CORPORATI-180030735/finances/
kioxia,2027,10250.942036,10431,1.726,4.8854,4.89,0.093,forecast,https://www.marketscreener.com/quote/stock/KIOXIA-HOLDINGS-CORPORATI-180030735/finances/
kioxia,2028,13821.911809,14294,3.303,3.5651,3.57,0.136,forecast,https://www.marketscreener.com/quote/stock/KIOXIA-HOLDINGS-CORPORATI-180030735/finances/
tokyo-electron,2024,786.258520,783.8,0.314,67.7894,,,historical,https://www.marketscreener.com/quote/stock/TOKYO-ELECTRON-LIMITED-6491071/finances/
tokyo-electron,2025,1187.894731,1182,0.499,44.8693,,,historical,https://www.marketscreener.com/quote/stock/TOKYO-ELECTRON-LIMITED-6491071/finances/
tokyo-electron,2026,1263.135906,1255,0.648,42.1966,,,forecast,https://www.marketscreener.com/quote/stock/TOKYO-ELECTRON-LIMITED-6491071/finances/
tokyo-electron,2027,1700.216210,1700,0.013,31.3529,31.2,0.490,forecast,https://www.marketscreener.com/quote/stock/TOKYO-ELECTRON-LIMITED-6491071/finances/
tokyo-electron,2028,2276.392222,2324,2.049,22.9346,22.8,0.590,forecast,https://www.marketscreener.com/quote/stock/TOKYO-ELECTRON-LIMITED-6491071/finances/
advantest,2024,84.383670,84.45,0.079,382.5385,,,historical,https://www.marketscreener.com/quote/stock/ADVANTEST-CORPORATION-6492081/finances/
advantest,2025,219.693748,218.7,0.454,146.9318,,,historical,https://www.marketscreener.com/quote/stock/ADVANTEST-CORPORATION-6492081/finances/
advantest,2026,517.164745,515.2,0.381,62.4172,,,forecast,https://www.marketscreener.com/quote/stock/ADVANTEST-CORPORATION-6492081/finances/
advantest,2027,917.569333,916.6,0.106,35.2171,35.5,0.797,forecast,https://www.marketscreener.com/quote/stock/ADVANTEST-CORPORATION-6492081/finances/
advantest,2028,1137.843490,1140,0.189,28.3158,28.5,0.646,forecast,https://www.marketscreener.com/quote/stock/ADVANTEST-CORPORATION-6492081/finances/
sony,2024,158.251644,157.7,0.350,24.6127,,,historical,https://www.marketscreener.com/quote/stock/SONY-GROUP-CORPORATION-6492482/finances/
sony,2025,189.349112,188.7,0.344,20.5705,,,historical,https://www.marketscreener.com/quote/stock/SONY-GROUP-CORPORATION-6492482/finances/
sony,2026,-55.335570,-54.7,1.162,,,,forecast,https://www.marketscreener.com/quote/stock/SONY-GROUP-CORPORATION-6492482/finances/
sony,2027,216.146482,217,0.393,17.9493,18.1,0.833,forecast,https://www.marketscreener.com/quote/stock/SONY-GROUP-CORPORATION-6492482/finances/
sony,2028,228.090705,230.5,1.045,16.8980,17,0.600,forecast,https://www.marketscreener.com/quote/stock/SONY-GROUP-CORPORATION-6492482/finances/
cambricon,2024,-0.727579,-0.7315,0.536,,,,historical,https://www.marketscreener.com/quote/stock/CAMBRICON-TECHNOLOGIES-CO-111379938/finances/
cambricon,2025,3.277040,3.275,0.062,338.4152,,,historical,https://www.marketscreener.com/quote/stock/CAMBRICON-TECHNOLOGIES-CO-111379938/finances/
cambricon,2026,8.576122,8.83,2.875,125.5946,125,0.476,forecast,https://www.marketscreener.com/quote/stock/CAMBRICON-TECHNOLOGIES-CO-111379938/finances/
cambricon,2027,18.145469,18.19,0.245,60.9676,60.9,0.111,forecast,https://www.marketscreener.com/quote/stock/CAMBRICON-TECHNOLOGIES-CO-111379938/finances/
cambricon,2028,30.382519,30.4,0.058,36.5013,,,forecast,https://www.marketscreener.com/quote/stock/CAMBRICON-TECHNOLOGIES-CO-111379938/finances/
ase,2024,7.486075,7.23,3.542,78.6794,,,historical,https://www.marketscreener.com/quote/stock/ASE-TECHNOLOGY-HOLDING-CO-43344229/finances/
ase,2025,9.317235,8.89,4.806,63.2162,,,historical,https://www.marketscreener.com/quote/stock/ASE-TECHNOLOGY-HOLDING-CO-43344229/finances/
ase,2026,18.823316,18.61,1.146,31.6497,31.6,0.157,forecast,https://www.marketscreener.com/quote/stock/ASE-TECHNOLOGY-HOLDING-CO-43344229/finances/
ase,2027,28.255895,27.81,1.603,21.1794,21.2,0.097,forecast,https://www.marketscreener.com/quote/stock/ASE-TECHNOLOGY-HOLDING-CO-43344229/finances/
ase,2028,36.471455,36.06,1.141,16.1496,,,forecast,https://www.marketscreener.com/quote/stock/ASE-TECHNOLOGY-HOLDING-CO-43344229/finances/
hygon,2024,0.830099,0.83,0.012,297.8077,,,historical,https://www.marketscreener.com/quote/stock/HYGON-INFORMATION-TECHNOL-148161332/finances/
hygon,2025,1.096920,1.1,0.280,225.3674,,,historical,https://www.marketscreener.com/quote/stock/HYGON-INFORMATION-TECHNOL-148161332/finances/
hygon,2026,1.917130,1.926,0.461,128.3541,128,0.277,forecast,https://www.marketscreener.com/quote/stock/HYGON-INFORMATION-TECHNOL-148161332/finances/
hygon,2027,2.990585,3.058,2.205,80.8404,80.8,0.050,forecast,https://www.marketscreener.com/quote/stock/HYGON-INFORMATION-TECHNOL-148161332/finances/
hygon,2028,4.377454,4.651,5.881,56.4735,,,forecast,https://www.marketscreener.com/quote/stock/HYGON-INFORMATION-TECHNOL-148161332/finances/
infineon,2024,1.002840,0.97,3.386,54.7246,,,historical,https://www.marketscreener.com/quote/stock/INFINEON-TECHNOLOGIES-AG-436299/finances/
infineon,2025,0.781319,0.76,2.805,70.2402,,,historical,https://www.marketscreener.com/quote/stock/INFINEON-TECHNOLOGIES-AG-436299/finances/
infineon,2026,1.290397,1.275,1.208,43.0431,43.7,1.503,forecast,https://www.marketscreener.com/quote/stock/INFINEON-TECHNOLOGIES-AG-436299/finances/
infineon,2027,2.384111,2.409,1.033,22.7812,23.2,1.805,forecast,https://www.marketscreener.com/quote/stock/INFINEON-TECHNOLOGIES-AG-436299/finances/
infineon,2028,3.227921,3.306,2.362,17.0017,,,forecast,https://www.marketscreener.com/quote/stock/INFINEON-TECHNOLOGIES-AG-436299/finances/
cadence,2024,3.846673,3.85,0.086,79.7234,,,historical,https://www.marketscreener.com/quote/stock/CADENCE-DESIGN-SYSTEMS-IN-8724/finances/
cadence,2025,4.074195,4.06,0.350,75.2713,,,historical,https://www.marketscreener.com/quote/stock/CADENCE-DESIGN-SYSTEMS-IN-8724/finances/
cadence,2026,4.836724,4.806,0.639,63.8098,63.8,0.015,forecast,https://www.marketscreener.com/quote/stock/CADENCE-DESIGN-SYSTEMS-IN-8724/finances/
cadence,2027,5.969651,5.886,1.421,52.1016,52.1,0.003,forecast,https://www.marketscreener.com/quote/stock/CADENCE-DESIGN-SYSTEMS-IN-8724/finances/
cadence,2028,7.171569,7.024,2.101,42.7619,,,forecast,https://www.marketscreener.com/quote/stock/CADENCE-DESIGN-SYSTEMS-IN-8724/finances/
synopsys,2024,9.387165,9.25,1.483,44.2828,,,historical,https://www.marketscreener.com/quote/stock/SYNOPSYS-INC-4908/finances/
synopsys,2025,7.170967,8.04,10.809,57.9685,,,historical,https://www.marketscreener.com/quote/stock/SYNOPSYS-INC-4908/finances/
synopsys,2026,3.908953,3.972,1.587,104.6551,105,0.328,forecast,https://www.marketscreener.com/quote/stock/SYNOPSYS-INC-4908/finances/
synopsys,2027,6.898459,7.186,4.001,57.8472,57.9,0.091,forecast,https://www.marketscreener.com/quote/stock/SYNOPSYS-INC-4908/finances/
synopsys,2028,10.472925,10.62,1.385,39.6919,,,forecast,https://www.marketscreener.com/quote/stock/SYNOPSYS-INC-4908/finances/
lumentum,2024,-8.084320,-8.12,0.439,,,,historical,https://www.marketscreener.com/quote/stock/LUMENTUM-HOLDINGS-INC-23132759/finances/
lumentum,2025,0.373199,0.37,0.865,2332.7510,,,historical,https://www.marketscreener.com/quote/stock/LUMENTUM-HOLDINGS-INC-23132759/finances/
lumentum,2026,-89.138817,-92.96,4.111,,,,forecast,https://www.marketscreener.com/quote/stock/LUMENTUM-HOLDINGS-INC-23132759/finances/
lumentum,2027,21.638796,21.2,2.070,41.0651,41.1,0.085,forecast,https://www.marketscreener.com/quote/stock/LUMENTUM-HOLDINGS-INC-23132759/finances/
lumentum,2028,33.612040,32.2,4.385,27.0366,27,0.136,forecast,https://www.marketscreener.com/quote/stock/LUMENTUM-HOLDINGS-INC-23132759/finances/
smic,2024,0.061772,0.06,2.953,139.0257,,,historical,https://www.marketscreener.com/quote/stock/SMIC-SEMICONDUCTOR-MANUFA-6170774/finances/
smic,2025,0.085633,0.08,7.041,100.2865,,,historical,https://www.marketscreener.com/quote/stock/SMIC-SEMICONDUCTOR-MANUFA-6170774/finances/
smic,2026,0.157812,0.1674,5.727,51.3014,52,1.344,forecast,https://www.marketscreener.com/quote/stock/SMIC-SEMICONDUCTOR-MANUFA-6170774/finances/
smic,2027,0.201032,0.2135,5.840,40.2241,40.8,1.412,forecast,https://www.marketscreener.com/quote/stock/SMIC-SEMICONDUCTOR-MANUFA-6170774/finances/
smic,2028,0.258387,0.2676,3.443,33.2364,,,forecast,https://www.marketscreener.com/quote/stock/SMIC-SEMICONDUCTOR-MANUFA-6170774/finances/
naura,2024,7.810047,7.826,0.204,85.4924,,,historical,https://www.marketscreener.com/quote/stock/NAURA-TECHNOLOGY-GROUP-CO-6970734/finances/
naura,2025,7.623092,7.64,0.221,87.5891,,,historical,https://www.marketscreener.com/quote/stock/NAURA-TECHNOLOGY-GROUP-CO-6970734/finances/
naura,2026,10.136574,10.18,0.427,65.5894,65.5,0.136,forecast,https://www.marketscreener.com/quote/stock/NAURA-TECHNOLOGY-GROUP-CO-6970734/finances/
naura,2027,15.707831,15.67,0.241,42.6101,42.6,0.024,forecast,https://www.marketscreener.com/quote/stock/NAURA-TECHNOLOGY-GROUP-CO-6970734/finances/
naura,2028,20.900138,20.73,0.821,31.9472,,,forecast,https://www.marketscreener.com/quote/stock/NAURA-TECHNOLOGY-GROUP-CO-6970734/finances/
samsung-electro-mechanics,2024,8989.106119,8988,0.012,155.7441,,,historical,https://www.marketscreener.com/quote/stock/SAMSUNG-ELECTRO-MECHANICS-6492387/finances/
samsung-electro-mechanics,2025,9346.499530,9345,0.016,149.7887,,,historical,https://www.marketscreener.com/quote/stock/SAMSUNG-ELECTRO-MECHANICS-6492387/finances/
samsung-electro-mechanics,2026,20847.948959,20574,1.332,68.0470,68,0.069,forecast,https://www.marketscreener.com/quote/stock/SAMSUNG-ELECTRO-MECHANICS-6492387/finances/
samsung-electro-mechanics,2027,42225.369637,41946,0.666,33.3762,33.4,0.071,forecast,https://www.marketscreener.com/quote/stock/SAMSUNG-ELECTRO-MECHANICS-6492387/finances/
samsung-electro-mechanics,2028,64132.262036,64505,0.578,21.8299,,,forecast,https://www.marketscreener.com/quote/stock/SAMSUNG-ELECTRO-MECHANICS-6492387/finances/
shin-etsu,2024,260.677901,259.4,0.493,22.4760,,,historical,https://www.marketscreener.com/quote/stock/SHIN-ETSU-CHEMICAL-CO-LTD-6491197/finances/
shin-etsu,2025,269.748038,269.5,0.092,21.7203,,,historical,https://www.marketscreener.com/quote/stock/SHIN-ETSU-CHEMICAL-CO-LTD-6491197/finances/
shin-etsu,2026,255.660032,252.7,1.171,22.9172,,,forecast,https://www.marketscreener.com/quote/stock/SHIN-ETSU-CHEMICAL-CO-LTD-6491197/finances/
shin-etsu,2027,299.200675,302.7,1.156,19.3558,19.4,0.228,forecast,https://www.marketscreener.com/quote/stock/SHIN-ETSU-CHEMICAL-CO-LTD-6491197/finances/
shin-etsu,2028,334.760808,343.7,2.601,17.0468,17.1,0.311,forecast,https://www.marketscreener.com/quote/stock/SHIN-ETSU-CHEMICAL-CO-LTD-6491197/finances/
monolithic-power,2024,36.633866,36.59,0.120,33.2850,,,historical,https://www.marketscreener.com/quote/stock/MONOLITHIC-POWER-SYSTEMS--10076/finances/
monolithic-power,2025,12.856159,12.75,0.833,94.8464,,,historical,https://www.marketscreener.com/quote/stock/MONOLITHIC-POWER-SYSTEMS--10076/finances/
monolithic-power,2026,22.627841,22.52,0.479,54.1456,54.1,0.084,forecast,https://www.marketscreener.com/quote/stock/MONOLITHIC-POWER-SYSTEMS--10076/finances/
monolithic-power,2027,30.482470,30.12,1.203,40.4834,40.5,0.041,forecast,https://www.marketscreener.com/quote/stock/MONOLITHIC-POWER-SYSTEMS--10076/finances/
monolithic-power,2028,36.810940,36.23,1.603,33.1249,,,forecast,https://www.marketscreener.com/quote/stock/MONOLITHIC-POWER-SYSTEMS--10076/finances/
nxp,2024,9.875824,9.73,1.499,23.2284,,,historical,https://www.marketscreener.com/quote/stock/NXP-SEMICONDUCTORS-N-V-6467512/finances/
nxp,2025,8.030230,7.95,1.009,28.5671,,,historical,https://www.marketscreener.com/quote/stock/NXP-SEMICONDUCTORS-N-V-6467512/finances/
nxp,2026,14.712647,14.73,0.118,15.5737,15.1,3.137,forecast,https://www.marketscreener.com/quote/stock/NXP-SEMICONDUCTORS-N-V-6467512/finances/
nxp,2027,15.351121,15.63,1.784,14.6769,14.2,3.358,forecast,https://www.marketscreener.com/quote/stock/NXP-SEMICONDUCTORS-N-V-6467512/finances/
nxp,2028,17.631383,18.18,3.018,13.0109,,,forecast,https://www.marketscreener.com/quote/stock/NXP-SEMICONDUCTORS-N-V-6467512/finances/
teradyne,2024,3.330447,3.32,0.315,102.5748,,,historical,https://www.marketscreener.com/quote/stock/TERADYNE-INC-47342162/finances/
teradyne,2025,3.537495,3.47,1.945,96.5712,,,historical,https://www.marketscreener.com/quote/stock/TERADYNE-INC-47342162/finances/
teradyne,2026,8.993162,8.878,1.297,38.4794,38.5,0.054,forecast,https://www.marketscreener.com/quote/stock/TERADYNE-INC-47342162/finances/
teradyne,2027,11.737164,11.74,0.024,29.0988,29.1,0.004,forecast,https://www.marketscreener.com/quote/stock/TERADYNE-INC-47342162/finances/
teradyne,2028,15.383041,15.58,1.264,22.2076,,,forecast,https://www.marketscreener.com/quote/stock/TERADYNE-INC-47342162/finances/
coherent,2024,-1.833256,-1.84,0.367,,,,historical,https://www.marketscreener.com/quote/stock/COHERENT-CORP-9656/finances/
coherent,2025,-0.518525,-0.52,0.284,,,,historical,https://www.marketscreener.com/quote/stock/COHERENT-CORP-9656/finances/
coherent,2026,3.935309,4.12,4.483,65.9160,,,forecast,https://www.marketscreener.com/quote/stock/COHERENT-CORP-9656/finances/
coherent,2027,7.817926,7.432,5.193,34.9031,36.1,3.315,forecast,https://www.marketscreener.com/quote/stock/COHERENT-CORP-9656/finances/
coherent,2028,13.246048,12.19,8.663,21.2797,22,3.274,forecast,https://www.marketscreener.com/quote/stock/COHERENT-CORP-9656/finances/
nanya-technology,2024,-1.640403,-1.64,0.025,,,,historical,https://www.marketscreener.com/quote/stock/NANYA-TECHNOLOGY-CORPORAT-6491619/finances/
nanya-technology,2025,2.130943,2.13,0.044,224.0792,,,historical,https://www.marketscreener.com/quote/stock/NANYA-TECHNOLOGY-CORPORAT-6491619/finances/
nanya-technology,2026,61.382712,65.87,6.812,7.2491,7.86,7.772,forecast,https://www.marketscreener.com/quote/stock/NANYA-TECHNOLOGY-CORPORAT-6491619/finances/
nanya-technology,2027,85.838353,96.94,11.452,4.9257,5.34,7.758,forecast,https://www.marketscreener.com/quote/stock/NANYA-TECHNOLOGY-CORPORAT-6491619/finances/
nanya-technology,2028,120.630768,109.1,10.569,3.9584,,,forecast,https://www.marketscreener.com/quote/stock/NANYA-TECHNOLOGY-CORPORAT-6491619/finances/
amec,2024,1.742651,1.745,0.135,201.1419,,,historical,https://www.marketscreener.com/quote/stock/ADVANCED-MICRO-FABRICATIO-64752214/finances/
amec,2025,2.270298,2.255,0.678,154.3938,,,historical,https://www.marketscreener.com/quote/stock/ADVANCED-MICRO-FABRICATIO-64752214/finances/
amec,2026,5.074950,5.328,4.749,65.7883,64.5,1.997,forecast,https://www.marketscreener.com/quote/stock/ADVANCED-MICRO-FABRICATIO-64752214/finances/
amec,2027,5.494643,5.712,3.805,61.3655,60.2,1.936,forecast,https://www.marketscreener.com/quote/stock/ADVANCED-MICRO-FABRICATIO-64752214/finances/
amec,2028,7.539866,8.351,9.713,46.4889,,,forecast,https://www.marketscreener.com/quote/stock/ADVANCED-MICRO-FABRICATIO-64752214/finances/
hoya,2024,515.499635,515.5,0.000,47.4491,,,historical,https://www.marketscreener.com/quote/stock/HOYA-CORPORATION-6491345/finances/
hoya,2025,581.399898,581.4,0.000,42.0709,,,historical,https://www.marketscreener.com/quote/stock/HOYA-CORPORATION-6491345/finances/
hoya,2026,743.899428,743.9,0.000,32.8808,,,forecast,https://www.marketscreener.com/quote/stock/HOYA-CORPORATION-6491345/finances/
hoya,2027,815.799925,815.8,0.000,29.9828,,,forecast,https://www.marketscreener.com/quote/stock/HOYA-CORPORATION-6491345/finances/
hoya,2028,918.901106,918.9,0.000,26.6188,,,forecast,https://www.marketscreener.com/quote/stock/HOYA-CORPORATION-6491345/finances/
astera-labs,2024,-0.525941,-0.64,17.822,,,,historical,https://www.marketscreener.com/quote/stock/ASTERA-LABS-INC-167508773/finances/
astera-labs,2025,1.297187,1.22,6.327,212.7065,,,historical,https://www.marketscreener.com/quote/stock/ASTERA-LABS-INC-167508773/finances/
astera-labs,2026,3.389918,3.266,3.794,84.4825,83.9,0.694,forecast,https://www.marketscreener.com/quote/stock/ASTERA-LABS-INC-167508773/finances/
astera-labs,2027,4.941638,4.738,4.298,58.2355,57.9,0.580,forecast,https://www.marketscreener.com/quote/stock/ASTERA-LABS-INC-167508773/finances/
astera-labs,2028,6.380955,6.357,0.377,43.2412,,,forecast,https://www.marketscreener.com/quote/stock/ASTERA-LABS-INC-167508773/finances/
umc,2024,3.758623,3.8,1.089,35.2523,,,historical,https://www.marketscreener.com/quote/stock/UNITED-MICROELECTRONICS-C-6494400/finances/
umc,2025,3.322587,3.34,0.521,39.8786,,,historical,https://www.marketscreener.com/quote/stock/UNITED-MICROELECTRONICS-C-6494400/finances/
umc,2026,6.959856,7.079,1.683,18.7173,18.7,0.093,forecast,https://www.marketscreener.com/quote/stock/UNITED-MICROELECTRONICS-C-6494400/finances/
umc,2027,6.682762,6.97,4.121,19.0100,19,0.053,forecast,https://www.marketscreener.com/quote/stock/UNITED-MICROELECTRONICS-C-6494400/finances/
umc,2028,7.652231,7.969,3.975,17.3152,,,forecast,https://www.marketscreener.com/quote/stock/UNITED-MICROELECTRONICS-C-6494400/finances/
unimicron,2024,3.335018,3.31,0.756,291.7526,,,historical,https://www.marketscreener.com/quote/stock/UNIMICRON-TECHNOLOGY-CORP-6496098/finances/
unimicron,2025,4.365284,4.34,0.583,222.8950,,,historical,https://www.marketscreener.com/quote/stock/UNIMICRON-TECHNOLOGY-CORP-6496098/finances/
unimicron,2026,20.321003,20.21,0.549,48.1445,48.1,0.092,forecast,https://www.marketscreener.com/quote/stock/UNIMICRON-TECHNOLOGY-CORP-6496098/finances/
unimicron,2027,34.060159,36.25,6.041,26.8414,26.8,0.154,forecast,https://www.marketscreener.com/quote/stock/UNIMICRON-TECHNOLOGY-CORP-6496098/finances/
unimicron,2028,52.443245,57.23,8.364,18.5534,,,forecast,https://www.marketscreener.com/quote/stock/UNIMICRON-TECHNOLOGY-CORP-6496098/finances/
asm-international,2024,13.998204,13.89,0.779,55.0785,,,historical,https://www.marketscreener.com/quote/stock/ASM-INTERNATIONAL-N-V-6312/finances/
asm-international,2025,14.807161,14.7,0.729,52.0694,,,historical,https://www.marketscreener.com/quote/stock/ASM-INTERNATIONAL-N-V-6312/finances/
asm-international,2026,23.028868,23.15,0.523,33.3045,34.4,3.184,forecast,https://www.marketscreener.com/quote/stock/ASM-INTERNATIONAL-N-V-6312/finances/
asm-international,2027,30.501000,31.15,2.083,24.7512,25.6,3.316,forecast,https://www.marketscreener.com/quote/stock/ASM-INTERNATIONAL-N-V-6312/finances/
asm-international,2028,35.829488,37.19,3.658,21.5186,,,forecast,https://www.marketscreener.com/quote/stock/ASM-INTERNATIONAL-N-V-6312/finances/
stmicroelectronics,2024,1.733515,1.66,4.429,29.1114,,,historical,https://www.marketscreener.com/quote/stock/STMICROELECTRONICS-N-V-4710/finances/
stmicroelectronics,2025,0.186780,0.18,3.767,270.1841,,,historical,https://www.marketscreener.com/quote/stock/STMICROELECTRONICS-N-V-4710/finances/
stmicroelectronics,2026,1.209500,1.155,4.719,43.6926,43.9,0.472,forecast,https://www.marketscreener.com/quote/stock/STMICROELECTRONICS-N-V-4710/finances/
stmicroelectronics,2027,2.523248,2.581,2.238,19.5525,19.6,0.242,forecast,https://www.marketscreener.com/quote/stock/STMICROELECTRONICS-N-V-4710/finances/
stmicroelectronics,2028,3.443545,3.731,7.705,14.6550,,,forecast,https://www.marketscreener.com/quote/stock/STMICROELECTRONICS-N-V-4710/finances/
credo,2024,-0.173739,-0.18,3.478,,,,historical,https://www.marketscreener.com/quote/stock/CREDO-TECHNOLOGY-GROUP-HO-132401547/finances/
credo,2025,0.307301,0.29,5.966,541.9444,,,historical,https://www.marketscreener.com/quote/stock/CREDO-TECHNOLOGY-GROUP-HO-132401547/finances/
credo,2026,2.560586,2.51,2.015,65.0398,,,forecast,https://www.marketscreener.com/quote/stock/CREDO-TECHNOLOGY-GROUP-HO-132401547/finances/
credo,2027,4.742114,4.425,7.166,37.6362,37.3,0.901,forecast,https://www.marketscreener.com/quote/stock/CREDO-TECHNOLOGY-GROUP-HO-132401547/finances/
credo,2028,8.226171,7.465,10.197,22.3094,22.1,0.948,forecast,https://www.marketscreener.com/quote/stock/CREDO-TECHNOLOGY-GROUP-HO-132401547/finances/
gigadevice,2024,1.656475,1.66,0.212,234.7516,,,historical,https://www.marketscreener.com/quote/stock/GIGADEVICE-SEMICONDUCTOR--42843923/finances/
gigadevice,2025,2.365216,2.47,4.242,164.4078,,,historical,https://www.marketscreener.com/quote/stock/GIGADEVICE-SEMICONDUCTOR--42843923/finances/
gigadevice,2026,20.652801,20.88,1.088,18.6236,18.6,0.127,forecast,https://www.marketscreener.com/quote/stock/GIGADEVICE-SEMICONDUCTOR--42843923/finances/
gigadevice,2027,18.325745,17.95,2.093,21.6635,21.7,0.168,forecast,https://www.marketscreener.com/quote/stock/GIGADEVICE-SEMICONDUCTOR--42843923/finances/
gigadevice,2028,16.716899,16.95,1.375,23.2615,,,forecast,https://www.marketscreener.com/quote/stock/GIGADEVICE-SEMICONDUCTOR--42843923/finances/
metax,2024,,-7.01,,,,,historical,https://www.marketscreener.com/quote/stock/METAX-INTEGRATED-CIRCUITS-201029032/finances/
metax,2025,-1.973007,-2.44,19.139,,,,historical,https://www.marketscreener.com/quote/stock/METAX-INTEGRATED-CIRCUITS-201029032/finances/
metax,2026,1.367408,1.368,0.043,491.7617,492,0.048,forecast,https://www.marketscreener.com/quote/stock/METAX-INTEGRATED-CIRCUITS-201029032/finances/
metax,2027,2.119470,2.034,4.202,330.7424,331,0.078,forecast,https://www.marketscreener.com/quote/stock/METAX-INTEGRATED-CIRCUITS-201029032/finances/
metax,2028,4.628843,4.371,5.899,145.3344,,,forecast,https://www.marketscreener.com/quote/stock/METAX-INTEGRATED-CIRCUITS-201029032/finances/
microchip,2024,3.528946,3.48,1.406,20.2355,,,historical,https://www.marketscreener.com/quote/stock/MICROCHIP-TECHNOLOGY-INCO-4887/finances/
microchip,2025,-0.005020,-0.01,49.797,,,,historical,https://www.marketscreener.com/quote/stock/MICROCHIP-TECHNOLOGY-INCO-4887/finances/
microchip,2026,0.219539,0.22,0.210,325.2732,,,forecast,https://www.marketscreener.com/quote/stock/MICROCHIP-TECHNOLOGY-INCO-4887/finances/
microchip,2027,2.176760,2.131,2.147,33.5101,33.5,0.030,forecast,https://www.marketscreener.com/quote/stock/MICROCHIP-TECHNOLOGY-INCO-4887/finances/
microchip,2028,3.182268,3.181,0.040,22.4489,22.4,0.218,forecast,https://www.marketscreener.com/quote/stock/MICROCHIP-TECHNOLOGY-INCO-4887/finances/
