company_id,valuation_date,price,price_currency,price_source_url,forecast_source_url,input_status,reporting_currency,price_to_reporting_fx,fx_source_url
nvidia,2026-09-03,225.92,USD,https://www.marketscreener.com/quote/stock/NVIDIA-CORPORATION-57355629/,https://www.marketscreener.com/quote/stock/NVIDIA-CORPORATION-57355629/finances/,available,USD,1,
tsmc,2026-09-03,2385,TWD,https://www.marketscreener.com/quote/stock/TSMC-TAIWAN-SEMICONDUCTOR-6492349/,https://www.marketscreener.com/quote/stock/TSMC-TAIWAN-SEMICONDUCTOR-6492349/finances/,available,TWD,1,
broadcom,2026-09-03,343.05,USD,https://www.marketscreener.com/quote/stock/BROADCOM-INC-42668543/,https://www.marketscreener.com/quote/stock/BROADCOM-INC-42668543/finances/,available,USD,1,
samsung-electronics,2026-09-03,250500,KRW,https://www.marketscreener.com/quote/stock/SAMSUNG-ELECTRONICS-CO-LT-6494906/,https://www.marketscreener.com/quote/stock/SAMSUNG-ELECTRONICS-CO-LT-6494906/finances/,available,KRW,1,
micron,2026-09-03,936.86,USD,https://www.marketscreener.com/quote/stock/MICRON-TECHNOLOGY-INC-13639/,https://www.marketscreener.com/quote/stock/MICRON-TECHNOLOGY-INC-13639/finances/,available,USD,1,
sk-hynix,2026-09-03,1613000,KRW,https://www.marketscreener.com/quote/stock/SK-HYNIX-INC-6494929/,https://www.marketscreener.com/quote/stock/SK-HYNIX-INC-6494929/finances/,available,KRW,1,
amd,2026-09-03,447.5,USD,https://www.marketscreener.com/quote/stock/AMD-ADVANCED-MICRO-DEVICE-19475876/,https://www.marketscreener.com/quote/stock/AMD-ADVANCED-MICRO-DEVICE-19475876/finances/,available,USD,1,
asml,2026-09-03,1410.2,EUR,https://www.marketscreener.com/quote/stock/ASML-HOLDING-N-V-12002973/,https://www.marketscreener.com/quote/stock/ASML-HOLDING-N-V-12002973/finances/,available,EUR,1,
cxmt,2026-09-03,54.32,CNY,https://www.marketscreener.com/quote/stock/CXMT-CORPORATION-213965109/,https://www.marketscreener.com/quote/stock/CXMT-CORPORATION-213965109/finances/,available,CNY,1,
intel,2026-09-03,89.1,USD,https://www.marketscreener.com/quote/stock/INTEL-CORPORATION-4829/,https://www.marketscreener.com/quote/stock/INTEL-CORPORATION-4829/finances/,available,USD,1,
lam-research,2026-09-03,288.32,USD,https://www.marketscreener.com/quote/stock/LAM-RESEARCH-CORPORATION-4877/,https://www.marketscreener.com/quote/stock/LAM-RESEARCH-CORPORATION-4877/finances/,available,USD,1,
applied-materials,2026-09-03,427.64,USD,https://www.marketscreener.com/quote/stock/APPLIED-MATERIALS-INC-4850/,https://www.marketscreener.com/quote/stock/APPLIED-MATERIALS-INC-4850/finances/,available,USD,1,
arm,2026-09-03,230.78,USD,https://www.marketscreener.com/quote/stock/ARM-HOLDINGS-PLC-159091235/,https://www.marketscreener.com/quote/stock/ARM-HOLDINGS-PLC-159091235/finances/,available,USD,1,
texas-instruments,2026-09-03,254.8,USD,https://www.marketscreener.com/quote/stock/TEXAS-INSTRUMENTS-INCORPO-9730651/,https://www.marketscreener.com/quote/stock/TEXAS-INSTRUMENTS-INCORPO-9730651/finances/,available,USD,1,
kla,2026-09-03,171.08,USD,https://www.marketscreener.com/quote/stock/KLA-CORPORATION-40328827/,https://www.marketscreener.com/quote/stock/KLA-CORPORATION-40328827/finances/,available,USD,1,
sandisk,2026-09-03,1553.4,USD,https://www.marketscreener.com/quote/stock/SANDISK-CORPORATION-182801077/,https://www.marketscreener.com/quote/stock/SANDISK-CORPORATION-182801077/finances/,available,USD,1,
mediatek,2026-09-03,4275,TWD,https://www.marketscreener.com/quote/stock/MEDIATEK-INC-6495333/,https://www.marketscreener.com/quote/stock/MEDIATEK-INC-6495333/finances/,available,TWD,1,
marvell,2026-09-03,206.92,USD,https://www.marketscreener.com/quote/stock/MARVELL-TECHNOLOGY-GROUP--4934/,https://www.marketscreener.com/quote/stock/MARVELL-TECHNOLOGY-GROUP--4934/finances/,available,USD,1,
qualcomm,2026-09-03,166.27,USD,https://www.marketscreener.com/quote/stock/QUALCOMM-INCORPORATED-4897/,https://www.marketscreener.com/quote/stock/QUALCOMM-INCORPORATED-4897/finances/,available,USD,1,
analog-devices,2026-09-03,355.71,USD,https://www.marketscreener.com/quote/stock/ANALOG-DEVICES-INC-10345717/,https://www.marketscreener.com/quote/stock/ANALOG-DEVICES-INC-10345717/finances/,available,USD,1,
kioxia,2026-09-03,50960,JPY,https://www.marketscreener.com/quote/stock/KIOXIA-HOLDINGS-CORPORATI-180030735/,https://www.marketscreener.com/quote/stock/KIOXIA-HOLDINGS-CORPORATI-180030735/finances/,available,JPY,1,
tokyo-electron,2026-09-03,53300,JPY,https://www.marketscreener.com/quote/stock/TOKYO-ELECTRON-LIMITED-6491071/,https://www.marketscreener.com/quote/stock/TOKYO-ELECTRON-LIMITED-6491071/finances/,available,JPY,1,
advantest,2026-09-03,32280,JPY,https://www.marketscreener.com/quote/stock/ADVANTEST-CORPORATION-6492081/,https://www.marketscreener.com/quote/stock/ADVANTEST-CORPORATION-6492081/finances/,available,JPY,1,
sony,2026-09-03,3895,JPY,https://www.marketscreener.com/quote/stock/SONY-GROUP-CORPORATION-6492482/,https://www.marketscreener.com/quote/stock/SONY-GROUP-CORPORATION-6492482/finances/,available,JPY,1,
cambricon,2026-09-03,1109,CNY,https://www.marketscreener.com/quote/stock/CAMBRICON-TECHNOLOGIES-CO-111379938/,https://www.marketscreener.com/quote/stock/CAMBRICON-TECHNOLOGIES-CO-111379938/finances/,available,CNY,1,
ase,2026-09-03,589,TWD,https://www.marketscreener.com/quote/stock/ASE-TECHNOLOGY-HOLDING-CO-43344229/,https://www.marketscreener.com/quote/stock/ASE-TECHNOLOGY-HOLDING-CO-43344229/finances/,available,TWD,1,
hygon,2026-09-03,247.21,CNY,https://www.marketscreener.com/quote/stock/HYGON-INFORMATION-TECHNOL-148161332/,https://www.marketscreener.com/quote/stock/HYGON-INFORMATION-TECHNOL-148161332/finances/,available,CNY,1,
infineon,2026-09-03,54.88,EUR,https://www.marketscreener.com/quote/stock/INFINEON-TECHNOLOGIES-AG-436299/,https://www.marketscreener.com/quote/stock/INFINEON-TECHNOLOGIES-AG-436299/finances/,available,EUR,1,
cadence,2026-09-03,306.67,USD,https://www.marketscreener.com/quote/stock/CADENCE-DESIGN-SYSTEMS-IN-8724/,https://www.marketscreener.com/quote/stock/CADENCE-DESIGN-SYSTEMS-IN-8724/finances/,available,USD,1,
synopsys,2026-09-03,415.69,USD,https://www.marketscreener.com/quote/stock/SYNOPSYS-INC-4908/,https://www.marketscreener.com/quote/stock/SYNOPSYS-INC-4908/finances/,available,USD,1,
lumentum,2026-09-03,870.58,USD,https://www.marketscreener.com/quote/stock/LUMENTUM-HOLDINGS-INC-23132759/,https://www.marketscreener.com/quote/stock/LUMENTUM-HOLDINGS-INC-23132759/finances/,available,USD,1,
smic,2026-09-03,67.4,HKD,https://www.marketscreener.com/quote/stock/SMIC-SEMICONDUCTOR-MANUFA-6170774/,https://www.marketscreener.com/quote/stock/SMIC-SEMICONDUCTOR-MANUFA-6170774/finances/,available,USD,0.12741612833352445,"https://api.frankfurter.dev/v2/rates?date=2026-09-03&base=USD&quotes=EUR,HKD"
naura,2026-09-03,667.7,CNY,https://www.marketscreener.com/quote/stock/NAURA-TECHNOLOGY-GROUP-CO-6970734/,https://www.marketscreener.com/quote/stock/NAURA-TECHNOLOGY-GROUP-CO-6970734/finances/,available,CNY,1,
samsung-electro-mechanics,2026-09-03,1400000,KRW,https://www.marketscreener.com/quote/stock/SAMSUNG-ELECTRO-MECHANICS-6492387/,https://www.marketscreener.com/quote/stock/SAMSUNG-ELECTRO-MECHANICS-6492387/finances/,available,KRW,1,
shin-etsu,2026-09-03,5859,JPY,https://www.marketscreener.com/quote/stock/SHIN-ETSU-CHEMICAL-CO-LTD-6491197/,https://www.marketscreener.com/quote/stock/SHIN-ETSU-CHEMICAL-CO-LTD-6491197/finances/,available,JPY,1,
monolithic-power,2026-09-03,1219.36,USD,https://www.marketscreener.com/quote/stock/MONOLITHIC-POWER-SYSTEMS--10076/,https://www.marketscreener.com/quote/stock/MONOLITHIC-POWER-SYSTEMS--10076/finances/,available,USD,1,
nxp,2026-09-03,229.4,USD,https://www.marketscreener.com/quote/stock/NXP-SEMICONDUCTORS-N-V-6467512/,https://www.marketscreener.com/quote/stock/NXP-SEMICONDUCTORS-N-V-6467512/finances/,available,USD,1,
teradyne,2026-09-03,341.62,USD,https://www.marketscreener.com/quote/stock/TERADYNE-INC-47342162/,https://www.marketscreener.com/quote/stock/TERADYNE-INC-47342162/finances/,available,USD,1,
coherent,2026-09-03,259.4,USD,https://www.marketscreener.com/quote/stock/COHERENT-CORP-9656/,https://www.marketscreener.com/quote/stock/COHERENT-CORP-9656/finances/,available,USD,1,
nanya-technology,2026-09-03,477.5,TWD,https://www.marketscreener.com/quote/stock/NANYA-TECHNOLOGY-CORPORAT-6491619/,https://www.marketscreener.com/quote/stock/NANYA-TECHNOLOGY-CORPORAT-6491619/finances/,available,TWD,1,
amec,2026-09-03,350.52,CNY,https://www.marketscreener.com/quote/stock/ADVANCED-MICRO-FABRICATIO-64752214/,https://www.marketscreener.com/quote/stock/ADVANCED-MICRO-FABRICATIO-64752214/finances/,available,CNY,1,
hoya,2026-09-03,24460,JPY,https://www.marketscreener.com/quote/stock/HOYA-CORPORATION-6491345/,https://www.marketscreener.com/quote/stock/HOYA-CORPORATION-6491345/finances/,available,JPY,1,
astera-labs,2026-09-03,275.92,USD,https://www.marketscreener.com/quote/stock/ASTERA-LABS-INC-167508773/,https://www.marketscreener.com/quote/stock/ASTERA-LABS-INC-167508773/finances/,available,USD,1,
umc,2026-09-03,132.5,TWD,https://www.marketscreener.com/quote/stock/UNITED-MICROELECTRONICS-C-6494400/,https://www.marketscreener.com/quote/stock/UNITED-MICROELECTRONICS-C-6494400/finances/,available,TWD,1,
unimicron,2026-09-03,973,TWD,https://www.marketscreener.com/quote/stock/UNIMICRON-TECHNOLOGY-CORP-6496098/,https://www.marketscreener.com/quote/stock/UNIMICRON-TECHNOLOGY-CORP-6496098/finances/,available,TWD,1,
asm-international,2026-09-03,771,EUR,https://www.marketscreener.com/quote/stock/ASM-INTERNATIONAL-N-V-6312/,https://www.marketscreener.com/quote/stock/ASM-INTERNATIONAL-N-V-6312/finances/,available,EUR,1,
stmicroelectronics,2026-09-03,43.52,EUR,https://www.marketscreener.com/quote/stock/STMICROELECTRONICS-N-V-4710/,https://www.marketscreener.com/quote/stock/STMICROELECTRONICS-N-V-4710/finances/,available,USD,1.1595816229504394,"https://api.frankfurter.dev/v2/rates?date=2026-09-03&base=USD&quotes=EUR,HKD"
credo,2026-09-03,166.54,USD,https://www.marketscreener.com/quote/stock/CREDO-TECHNOLOGY-GROUP-HO-132401547/,https://www.marketscreener.com/quote/stock/CREDO-TECHNOLOGY-GROUP-HO-132401547/finances/,available,USD,1,
cerebras,2026-09-04,210.05,USD,https://www.marketscreener.com/quote/stock/CEREBRAS-SYSTEMS-INC-212191339/,https://www.marketscreener.com/quote/stock/CEREBRAS-SYSTEMS-INC-212191339/finances/,available,USD,1,
gigadevice,2026-09-03,388.86,CNY,https://www.marketscreener.com/quote/stock/GIGADEVICE-SEMICONDUCTOR--42843923/,https://www.marketscreener.com/quote/stock/GIGADEVICE-SEMICONDUCTOR--42843923/finances/,available,CNY,1,
metax,2026-09-03,672.73,CNY,https://www.marketscreener.com/quote/stock/METAX-INTEGRATED-CIRCUITS-201029032/,https://www.marketscreener.com/quote/stock/METAX-INTEGRATED-CIRCUITS-201029032/finances/,available,CNY,1,
microchip,2026-09-03,71.41,USD,https://www.marketscreener.com/quote/stock/MICROCHIP-TECHNOLOGY-INCO-4887/,https://www.marketscreener.com/quote/stock/MICROCHIP-TECHNOLOGY-INCO-4887/finances/,available,USD,1,
